query,method,rank,doc_id,title,chunk_id,score,kg_bonus,final_score,query_profile,detected_disease,detected_species,detected_location,detected_mode,kg_detected_disease,kg_detected_species,kg_detected_location,kg_detected_mode,kg_score,kg_bonus_breakdown,kg_penalty_breakdown,kg_explanation,doc_uri_in_kg,kg_direct_match,kg_relation_match,kg_context_match,match_disease,match_species,match_location,match_mode,bonus_breakdown,penalty_breakdown,explanation,detected_entities
bệnh AHPND trên tôm,vector,1,TB_005,"Sự hiện diện của bệnh đốm trắng, hoại tử gan tụy cấp và vi bào tử trùng trên tôm giống và tôm nuôi thương phẩm tại một số tỉnh khu vực ĐBSCL từ năm 2022-2024",TB_005_chunk_1,0.651,,,disease_priority,AHPND,tôm,,,AHPND,,,,,,,,,,,,,,,,,,,"{'disease': ['AHPND'], 'species': ['tôm'], 'location': [], 'mode': []}"
bệnh AHPND trên tôm,vector,2,FAO_001,Shrimp acute hepatopancreatic necrosis disease strategy manual,FAO_001_chunk_130,0.6444,,,disease_priority,AHPND,tôm,,,AHPND,,,,,,,,,,,,,,,,,,,"{'disease': ['AHPND'], 'species': ['tôm'], 'location': [], 'mode': []}"
bệnh AHPND trên tôm,vector,3,PMC_012,Diagnosis and potential treatments for acute hepatopancreatic necrosis disease (AHPND): a review,PMC_012_chunk_54,0.6422,,,disease_priority,AHPND,tôm,,,AHPND,,,,,,,,,,,,,,,,,,,"{'disease': ['AHPND'], 'species': ['tôm'], 'location': [], 'mode': []}"
bệnh AHPND trên tôm,hybrid,1,TB_005,"Sự hiện diện của bệnh đốm trắng, hoại tử gan tụy cấp và vi bào tử trùng trên tôm giống và tôm nuôi thương phẩm tại một số tỉnh khu vực ĐBSCL từ năm 2022-2024",TB_005_chunk_1,0.651,0.35,1.431,disease_priority,AHPND,tôm,,,AHPND,,,,0.43,aboutDisease=Bệnh hoại tử gan tụy cấp (+0.25); Bệnh hoại tử gan tụy cấp->affectsTaxon->Tôm sú (+0.10); Bệnh hoại tử gan tụy cấp->causedBy->Vi khuẩn Vibrio parahaemolyticus (+0.08),,"KG direct match: document aboutDisease=Bệnh hoại tử gan tụy cấp; KG relation match: Bệnh hoại tử gan tụy cấp affectsTaxon Tôm sú, and document aboutTaxon=Tôm sú; KG relation match: Bệnh hoại tử gan tụy cấp causedBy Vi khuẩn Vibrio parahaemolyticus, and document has pathogen=Vi khuẩn Vibrio parahaemolyticus",http://www.semanticweb.org/lenovo/ontologies/2026/0/untitled-ontology-3#TB_005,0.25,0.18,0.0,True,False,False,False,match disease query=AHPND with doc_term=AHPND (+0.35),,"metadata: match disease query=AHPND with doc_term=AHPND (+0.35); KG: KG direct match: document aboutDisease=Bệnh hoại tử gan tụy cấp; KG relation match: Bệnh hoại tử gan tụy cấp affectsTaxon Tôm sú, and document aboutTaxon=Tôm sú; KG relation match: Bệnh hoại tử gan tụy cấp causedBy Vi khuẩn Vibrio parahaemolyticus, and document has pathogen=Vi khuẩn Vibrio parahaemolyticus","{'disease': ['AHPND'], 'species': ['tôm'], 'location': [], 'mode': []}"
bệnh AHPND trên tôm,hybrid,2,FAO_001,Shrimp acute hepatopancreatic necrosis disease strategy manual,FAO_001_chunk_130,0.6444,0.35,1.4244,disease_priority,AHPND,tôm,,,AHPND,,,,0.43,aboutDisease=Bệnh hoại tử gan tụy cấp (+0.25); Bệnh hoại tử gan tụy cấp->affectsTaxon->Tôm sú (+0.10); Bệnh hoại tử gan tụy cấp->causedBy->Vi khuẩn Vibrio parahaemolyticus (+0.08),,"KG direct match: document aboutDisease=Bệnh hoại tử gan tụy cấp; KG relation match: Bệnh hoại tử gan tụy cấp affectsTaxon Tôm sú, and document aboutTaxon=Tôm sú; KG relation match: Bệnh hoại tử gan tụy cấp causedBy Vi khuẩn Vibrio parahaemolyticus, and document has pathogen=Vi khuẩn Vibrio parahaemolyticus",http://www.semanticweb.org/lenovo/ontologies/2026/0/untitled-ontology-3#FAO_001,0.25,0.18,0.0,True,False,False,False,match disease query=AHPND with doc_term=AHPND (+0.35),,"metadata: match disease query=AHPND with doc_term=AHPND (+0.35); KG: KG direct match: document aboutDisease=Bệnh hoại tử gan tụy cấp; KG relation match: Bệnh hoại tử gan tụy cấp affectsTaxon Tôm sú, and document aboutTaxon=Tôm sú; KG relation match: Bệnh hoại tử gan tụy cấp causedBy Vi khuẩn Vibrio parahaemolyticus, and document has pathogen=Vi khuẩn Vibrio parahaemolyticus","{'disease': ['AHPND'], 'species': ['tôm'], 'location': [], 'mode': []}"
bệnh AHPND trên tôm,hybrid,3,SEAFDEC_006,Status of acute hepatopancreatic necrosis disease (AHPND) of cultured shrimps in the Philippines,SEAFDEC_006_chunk_6,0.641,0.35,1.421,disease_priority,AHPND,tôm,,,AHPND,,,,0.43,aboutDisease=Bệnh hoại tử gan tụy cấp (+0.25); Bệnh hoại tử gan tụy cấp->affectsTaxon->Tôm sú (+0.10); Bệnh hoại tử gan tụy cấp->causedBy->Vi khuẩn Vibrio parahaemolyticus (+0.08),,"KG direct match: document aboutDisease=Bệnh hoại tử gan tụy cấp; KG relation match: Bệnh hoại tử gan tụy cấp affectsTaxon Tôm sú, and document aboutTaxon=Tôm sú; KG relation match: Bệnh hoại tử gan tụy cấp causedBy Vi khuẩn Vibrio parahaemolyticus, and document has pathogen=Vi khuẩn Vibrio parahaemolyticus",http://www.semanticweb.org/lenovo/ontologies/2026/0/untitled-ontology-3#SEAFDEC_006,0.25,0.18,0.0,True,False,False,False,match disease query=AHPND with doc_term=AHPND (+0.35),,"metadata: match disease query=AHPND with doc_term=AHPND (+0.35); KG: KG direct match: document aboutDisease=Bệnh hoại tử gan tụy cấp; KG relation match: Bệnh hoại tử gan tụy cấp affectsTaxon Tôm sú, and document aboutTaxon=Tôm sú; KG relation match: Bệnh hoại tử gan tụy cấp causedBy Vi khuẩn Vibrio parahaemolyticus, and document has pathogen=Vi khuẩn Vibrio parahaemolyticus","{'disease': ['AHPND'], 'species': ['tôm'], 'location': [], 'mode': []}"
bệnh AHPND trên tôm,hybrid,4,FAO_006,"FAO Second International Technical Seminar/Workshop on Acute hepatopancreatic necrosis disease (AHPND), Bangkok, Thailand 23–25 June 2016",FAO_006_chunk_12,0.6395,0.35,1.4195,disease_priority,AHPND,tôm,,,AHPND,,,,0.43,aboutDisease=Bệnh hoại tử gan tụy cấp (+0.25); Bệnh hoại tử gan tụy cấp->affectsTaxon->Tôm sú (+0.10); Bệnh hoại tử gan tụy cấp->causedBy->Vi khuẩn Vibrio parahaemolyticus (+0.08),,"KG direct match: document aboutDisease=Bệnh hoại tử gan tụy cấp; KG relation match: Bệnh hoại tử gan tụy cấp affectsTaxon Tôm sú, and document aboutTaxon=Tôm sú; KG relation match: Bệnh hoại tử gan tụy cấp causedBy Vi khuẩn Vibrio parahaemolyticus, and document has pathogen=Vi khuẩn Vibrio parahaemolyticus",http://www.semanticweb.org/lenovo/ontologies/2026/0/untitled-ontology-3#FAO_006,0.25,0.18,0.0,True,False,False,False,match disease query=AHPND with doc_term=AHPND (+0.35),,"metadata: match disease query=AHPND with doc_term=AHPND (+0.35); KG: KG direct match: document aboutDisease=Bệnh hoại tử gan tụy cấp; KG relation match: Bệnh hoại tử gan tụy cấp affectsTaxon Tôm sú, and document aboutTaxon=Tôm sú; KG relation match: Bệnh hoại tử gan tụy cấp causedBy Vi khuẩn Vibrio parahaemolyticus, and document has pathogen=Vi khuẩn Vibrio parahaemolyticus","{'disease': ['AHPND'], 'species': ['tôm'], 'location': [], 'mode': []}"
bệnh AHPND trên tôm,hybrid,5,PMC_012,Diagnosis and potential treatments for acute hepatopancreatic necrosis disease (AHPND): a review,PMC_012_chunk_54,0.6422,0.35,1.3222,disease_priority,AHPND,tôm,,,AHPND,,,,0.33,aboutDisease=Bệnh hoại tử gan tụy cấp (+0.25); Bệnh hoại tử gan tụy cấp->causedBy->Vi khuẩn Vibrio parahaemolyticus (+0.08),,"KG direct match: document aboutDisease=Bệnh hoại tử gan tụy cấp; KG relation match: Bệnh hoại tử gan tụy cấp causedBy Vi khuẩn Vibrio parahaemolyticus, and document has pathogen=Vi khuẩn Vibrio parahaemolyticus",http://www.semanticweb.org/lenovo/ontologies/2026/0/untitled-ontology-3#PMC_012,0.25,0.08,0.0,True,False,False,False,match disease query=AHPND with doc_term=AHPND (+0.35),,"metadata: match disease query=AHPND with doc_term=AHPND (+0.35); KG: KG direct match: document aboutDisease=Bệnh hoại tử gan tụy cấp; KG relation match: Bệnh hoại tử gan tụy cấp causedBy Vi khuẩn Vibrio parahaemolyticus, and document has pathogen=Vi khuẩn Vibrio parahaemolyticus","{'disease': ['AHPND'], 'species': ['tôm'], 'location': [], 'mode': []}"
bệnh đốm trắng ở tôm thẻ chân trắng,vector,1,TCKHTS_001,"Thực trạng môi trường và dịch bệnh tại vùng nuôi tôm trên cát ở Thạch Hà, Cẩm Xuyên và Nghi Xuân, Hà Tĩnh",TCKHTS_001_chunk_2,0.6753,,,species_priority,Bệnh đốm trắng,Tôm thẻ chân trắng,,,Bệnh đốm trắng,Tôm thẻ chân trắng,,,,,,,,,,,,,,,,,,"{'disease': ['Bệnh đốm trắng'], 'species': ['Tôm thẻ chân trắng'], 'location': [], 'mode': []}"
bệnh đốm trắng ở tôm thẻ chân trắng,vector,2,TB_007,Bệnh đốm trắng ở tôm nuôi và công nghệ nuôi tôm nhằm phòng bệnh đốm trắng,TB_007_chunk_0,0.6316,,,species_priority,Bệnh đốm trắng,Tôm thẻ chân trắng,,,Bệnh đốm trắng,Tôm thẻ chân trắng,,,,,,,,,,,,,,,,,,"{'disease': ['Bệnh đốm trắng'], 'species': ['Tôm thẻ chân trắng'], 'location': [], 'mode': []}"
bệnh đốm trắng ở tôm thẻ chân trắng,vector,3,TB_007,Bệnh đốm trắng ở tôm nuôi và công nghệ nuôi tôm nhằm phòng bệnh đốm trắng,TB_007_chunk_6,0.5909,,,species_priority,Bệnh đốm trắng,Tôm thẻ chân trắng,,,Bệnh đốm trắng,Tôm thẻ chân trắng,,,,,,,,,,,,,,,,,,"{'disease': ['Bệnh đốm trắng'], 'species': ['Tôm thẻ chân trắng'], 'location': [], 'mode': []}"
bệnh đốm trắng ở tôm thẻ chân trắng,hybrid,1,TB_007,Bệnh đốm trắng ở tôm nuôi và công nghệ nuôi tôm nhằm phòng bệnh đốm trắng,TB_007_chunk_0,0.6316,0.22,1.5816,species_priority,Bệnh đốm trắng,Tôm thẻ chân trắng,,,Bệnh đốm trắng,Tôm thẻ chân trắng,,,0.73,aboutDisease=Bệnh đốm trắng (+0.25); aboutTaxon=Tôm thẻ chân trắng (+0.20); Bệnh đốm trắng->affectsTaxon->Tôm sú (+0.10); Bệnh đốm trắng->affectsTaxon->Tôm thẻ chân trắng (+0.10); Bệnh đốm trắng->causedBy->Virus đốm trắng (WSSV) (+0.08),,"KG direct match: document aboutDisease=Bệnh đốm trắng; KG direct match: document aboutTaxon=Tôm thẻ chân trắng; KG relation match: Bệnh đốm trắng affectsTaxon Tôm sú, and document aboutTaxon=Tôm sú; KG relation match: Bệnh đốm trắng affectsTaxon Tôm thẻ chân trắng, and document aboutTaxon=Tôm thẻ chân trắng; KG relation match: Bệnh đốm trắng causedBy Virus đốm trắng (WSSV), and document has pathogen=Virus đốm trắng (WSSV)",http://www.semanticweb.org/lenovo/ontologies/2026/0/untitled-ontology-3#TB_007,0.45,0.28,0.0,False,True,False,False,match species query=Tôm thẻ chân trắng with doc_term=tôm thẻ chân trắng (+0.22),,"metadata: match species query=Tôm thẻ chân trắng with doc_term=tôm thẻ chân trắng (+0.22); KG: KG direct match: document aboutDisease=Bệnh đốm trắng; KG direct match: document aboutTaxon=Tôm thẻ chân trắng; KG relation match: Bệnh đốm trắng affectsTaxon Tôm sú, and document aboutTaxon=Tôm sú; KG relation match: Bệnh đốm trắng affectsTaxon Tôm thẻ chân trắng, and document aboutTaxon=Tôm thẻ chân trắng; KG relation match: Bệnh đốm trắng causedBy Virus đốm trắng (WSSV), and document has pathogen=Virus đốm trắng (WSSV)","{'disease': ['Bệnh đốm trắng'], 'species': ['Tôm thẻ chân trắng'], 'location': [], 'mode': []}"
bệnh đốm trắng ở tôm thẻ chân trắng,hybrid,2,TCKHTS_001,"Thực trạng môi trường và dịch bệnh tại vùng nuôi tôm trên cát ở Thạch Hà, Cẩm Xuyên và Nghi Xuân, Hà Tĩnh",TCKHTS_001_chunk_2,0.6753,0.0,1.3053,species_priority,Bệnh đốm trắng,Tôm thẻ chân trắng,,,Bệnh đốm trắng,Tôm thẻ chân trắng,,,0.63,aboutDisease=Bệnh đốm trắng (+0.25); aboutTaxon=Tôm thẻ chân trắng (+0.20); Bệnh đốm trắng->affectsTaxon->Tôm thẻ chân trắng (+0.10); Bệnh đốm trắng->causedBy->Virus đốm trắng (WSSV) (+0.08),,"KG direct match: document aboutDisease=Bệnh đốm trắng; KG direct match: document aboutTaxon=Tôm thẻ chân trắng; KG relation match: Bệnh đốm trắng affectsTaxon Tôm thẻ chân trắng, and document aboutTaxon=Tôm thẻ chân trắng; KG relation match: Bệnh đốm trắng causedBy Virus đốm trắng (WSSV), and document has pathogen=Virus đốm trắng (WSSV)",http://www.semanticweb.org/lenovo/ontologies/2026/0/untitled-ontology-3#TCKHTS_001,0.45,0.18,0.0,False,False,False,False,,,"metadata: no KG match (delta=0); KG: KG direct match: document aboutDisease=Bệnh đốm trắng; KG direct match: document aboutTaxon=Tôm thẻ chân trắng; KG relation match: Bệnh đốm trắng affectsTaxon Tôm thẻ chân trắng, and document aboutTaxon=Tôm thẻ chân trắng; KG relation match: Bệnh đốm trắng causedBy Virus đốm trắng (WSSV), and document has pathogen=Virus đốm trắng (WSSV)","{'disease': ['Bệnh đốm trắng'], 'species': ['Tôm thẻ chân trắng'], 'location': [], 'mode': []}"
bệnh đốm trắng ở tôm thẻ chân trắng,hybrid,3,SEAFDEC_006,Status of acute hepatopancreatic necrosis disease (AHPND) of cultured shrimps in the Philippines,SEAFDEC_006_chunk_7,0.5852,0.0,0.9852,species_priority,Bệnh đốm trắng,Tôm thẻ chân trắng,,,Bệnh đốm trắng,Tôm thẻ chân trắng,,,0.4,aboutTaxon=Tôm thẻ chân trắng (+0.20); Bệnh đốm trắng->affectsTaxon->Tôm sú (+0.10); Bệnh đốm trắng->affectsTaxon->Tôm thẻ chân trắng (+0.10),,"KG direct match: document aboutTaxon=Tôm thẻ chân trắng; KG relation match: Bệnh đốm trắng affectsTaxon Tôm sú, and document aboutTaxon=Tôm sú; KG relation match: Bệnh đốm trắng affectsTaxon Tôm thẻ chân trắng, and document aboutTaxon=Tôm thẻ chân trắng",http://www.semanticweb.org/lenovo/ontologies/2026/0/untitled-ontology-3#SEAFDEC_006,0.2,0.2,0.0,False,False,False,False,,,"metadata: no KG match (delta=0); KG: KG direct match: document aboutTaxon=Tôm thẻ chân trắng; KG relation match: Bệnh đốm trắng affectsTaxon Tôm sú, and document aboutTaxon=Tôm sú; KG relation match: Bệnh đốm trắng affectsTaxon Tôm thẻ chân trắng, and document aboutTaxon=Tôm thẻ chân trắng","{'disease': ['Bệnh đốm trắng'], 'species': ['Tôm thẻ chân trắng'], 'location': [], 'mode': []}"
bệnh đốm trắng ở tôm thẻ chân trắng,hybrid,4,PMC_023,A review on molecular detection techniques of white spot syndrome virus: Perspectives of problems and solutions in shrimp farming,PMC_023_chunk_157,0.5781,0.0,0.9081,species_priority,Bệnh đốm trắng,Tôm thẻ chân trắng,,,Bệnh đốm trắng,Tôm thẻ chân trắng,,,0.33,aboutDisease=Bệnh đốm trắng (+0.25); Bệnh đốm trắng->causedBy->Virus đốm trắng (WSSV) (+0.08),,"KG direct match: document aboutDisease=Bệnh đốm trắng; KG relation match: Bệnh đốm trắng causedBy Virus đốm trắng (WSSV), and document has pathogen=Virus đốm trắng (WSSV)",http://www.semanticweb.org/lenovo/ontologies/2026/0/untitled-ontology-3#PMC_023,0.25,0.08,0.0,False,False,False,False,,,"metadata: no KG match (delta=0); KG: KG direct match: document aboutDisease=Bệnh đốm trắng; KG relation match: Bệnh đốm trắng causedBy Virus đốm trắng (WSSV), and document has pathogen=Virus đốm trắng (WSSV)","{'disease': ['Bệnh đốm trắng'], 'species': ['Tôm thẻ chân trắng'], 'location': [], 'mode': []}"
bệnh đốm trắng ở tôm thẻ chân trắng,hybrid,5,FAO_009,Asia diagnostic guide to aquatic animal diseases,FAO_009_chunk_696,0.5808,0.0,0.4008,species_priority,Bệnh đốm trắng,Tôm thẻ chân trắng,,,Bệnh đốm trắng,Tôm thẻ chân trắng,,,-0.18,,missing disease evidence (-0.18),KG penalty: query has specific disease but document has no disease direct/relation evidence,http://www.semanticweb.org/lenovo/ontologies/2026/0/untitled-ontology-3#FAO_009,-0.18,0.0,0.0,False,False,False,False,,,metadata: no KG match (delta=0); KG: KG penalty: query has specific disease but document has no disease direct/relation evidence,"{'disease': ['Bệnh đốm trắng'], 'species': ['Tôm thẻ chân trắng'], 'location': [], 'mode': []}"
nuôi tôm hùm ở Khánh Hòa,vector,1,RIA3_001,Quy hoạch nuôi tôm hùm đến năm 2020 và định hướng đến 2030,RIA3_001_chunk_154,0.8357,,,species_priority,,lobster,Khanh Hoa,,,lobster,Khanh Hoa,,,,,,,,,,,,,,,,,"{'disease': [], 'species': ['lobster'], 'location': ['Khanh Hoa'], 'mode': []}"
nuôi tôm hùm ở Khánh Hòa,vector,2,RIA3_001,Quy hoạch nuôi tôm hùm đến năm 2020 và định hướng đến 2030,RIA3_001_chunk_315,0.8287,,,species_priority,,lobster,Khanh Hoa,,,lobster,Khanh Hoa,,,,,,,,,,,,,,,,,"{'disease': [], 'species': ['lobster'], 'location': ['Khanh Hoa'], 'mode': []}"
nuôi tôm hùm ở Khánh Hòa,vector,3,RIA3_001,Quy hoạch nuôi tôm hùm đến năm 2020 và định hướng đến 2030,RIA3_001_chunk_106,0.8092,,,species_priority,,lobster,Khanh Hoa,,,lobster,Khanh Hoa,,,,,,,,,,,,,,,,,"{'disease': [], 'species': ['lobster'], 'location': ['Khanh Hoa'], 'mode': []}"
nuôi tôm hùm ở Khánh Hòa,hybrid,1,RIA3_001,Quy hoạch nuôi tôm hùm đến năm 2020 và định hướng đến 2030,RIA3_001_chunk_154,0.8357,0.35,1.6057,species_priority,,lobster,Khanh Hoa,,,lobster,Khanh Hoa,,0.42,aboutTaxon=Tôm hùm bông (+0.20); aboutLocation=Ven biển Khánh Hòa (+0.10); Tôm hùm bông->isFoundIn->Ven biển Khánh Hòa (+0.12),,"KG direct match: document aboutTaxon=Tôm hùm bông; KG direct match: document aboutLocation=Ven biển Khánh Hòa; KG relation match: Tôm hùm bông isFoundIn Ven biển Khánh Hòa, query location matches species range",http://www.semanticweb.org/lenovo/ontologies/2026/0/untitled-ontology-3#RIA3_001,0.3,0.12,0.0,False,True,True,False,match species query=lobster with doc_term=lobster (+0.22); match location query=Khanh Hoa with doc_term=Khánh Hòa (+0.08); species-location synergy (+0.05),,"metadata: match species query=lobster with doc_term=lobster (+0.22); match location query=Khanh Hoa with doc_term=Khánh Hòa (+0.08); species-location synergy (+0.05); KG: KG direct match: document aboutTaxon=Tôm hùm bông; KG direct match: document aboutLocation=Ven biển Khánh Hòa; KG relation match: Tôm hùm bông isFoundIn Ven biển Khánh Hòa, query location matches species range","{'disease': [], 'species': ['lobster'], 'location': ['Khanh Hoa'], 'mode': []}"
nuôi tôm hùm ở Khánh Hòa,hybrid,2,FAO_015,FAO species catalogue. Vol.13. Marine lobsters of the world. An annotated and illustrated catalogue of marine lobsters known to date,FAO_015_chunk_5,0.7818,0.22,1.1118,species_priority,,lobster,Khanh Hoa,,,lobster,Khanh Hoa,,0.23,aboutTaxon=Tôm hùm bông (+0.20); Tôm hùm bông->isFoundIn->Ven biển Khánh Hòa (+0.12),aquaculture+regional intent vs capture fisheries mode (-0.09),"KG direct match: document aboutTaxon=Tôm hùm bông; KG relation match: Tôm hùm bông isFoundIn Ven biển Khánh Hòa, query location matches species range; KG penalty: query expresses aquaculture (nuoi) in a regional site; document production mode is capture/market fisheries (Generic_CaptureFisheries)",http://www.semanticweb.org/lenovo/ontologies/2026/0/untitled-ontology-3#FAO_015,0.11,0.12,0.0,False,True,False,False,match species query=lobster with doc_term=lobster (+0.22),,"metadata: match species query=lobster with doc_term=lobster (+0.22); KG: KG direct match: document aboutTaxon=Tôm hùm bông; KG relation match: Tôm hùm bông isFoundIn Ven biển Khánh Hòa, query location matches species range; KG penalty: query expresses aquaculture (nuoi) in a regional site; document production mode is capture/market fisheries (Generic_CaptureFisheries); intent penalty: local aquaculture query vs capture/market doc (-0.12)","{'disease': [], 'species': ['lobster'], 'location': ['Khanh Hoa'], 'mode': []}"
nuôi tôm hùm ở Khánh Hòa,hybrid,3,NACA_001,"Status, technological innovations, and industry development needs of mud crab (Scylla spp.) aquaculture",NACA_001_chunk_220,0.679,0.0,0.679,species_priority,,lobster,Khanh Hoa,,,lobster,Khanh Hoa,,0.0,,,,http://www.semanticweb.org/lenovo/ontologies/2026/0/untitled-ontology-3#NACA_001,0.0,0.0,0.0,False,False,False,False,,,no KG match (delta=0),"{'disease': [], 'species': ['lobster'], 'location': ['Khanh Hoa'], 'mode': []}"
nuôi tôm hùm ở Khánh Hòa,hybrid,4,FAO_029,"Impacts of climate change on fisheries and aquaculture. Synthesis of current knowledge, adaptation and mitigation options",FAO_029_chunk_1039,0.6838,0.0,0.5638,species_priority,,lobster,Khanh Hoa,,,lobster,Khanh Hoa,,0.0,,,,http://www.semanticweb.org/lenovo/ontologies/2026/0/untitled-ontology-3#FAO_029,0.0,0.0,0.0,False,False,False,False,,,no KG match (delta=0); intent penalty: local aquaculture query vs capture/market doc (-0.12),"{'disease': [], 'species': ['lobster'], 'location': ['Khanh Hoa'], 'mode': []}"
infectious myonecrosis,vector,1,FAO_010,Shrimp infectious myonecrosis strategy manual,FAO_010_chunk_31,0.6177,,,disease_priority,IMN,,,,IMN,,,,,,,,,,,,,,,,,,,"{'disease': ['IMN'], 'species': [], 'location': [], 'mode': []}"
infectious myonecrosis,vector,2,FAO_045,Strengthening Capacity for Dealing with Shrimp Infectious Myonecrosis Virus Disease - TCP/INT/3501,FAO_045_chunk_0,0.6146,,,disease_priority,IMN,,,,IMN,,,,,,,,,,,,,,,,,,,"{'disease': ['IMN'], 'species': [], 'location': [], 'mode': []}"
infectious myonecrosis,vector,3,FAO_010,Shrimp infectious myonecrosis strategy manual,FAO_010_chunk_11,0.5959,,,disease_priority,IMN,,,,IMN,,,,,,,,,,,,,,,,,,,"{'disease': ['IMN'], 'species': [], 'location': [], 'mode': []}"
infectious myonecrosis,hybrid,1,FAO_010,Shrimp infectious myonecrosis strategy manual,FAO_010_chunk_31,0.6177,0.35,1.3977,disease_priority,IMN,,,,IMN,,,,0.43,aboutDisease=Infectious myonecrosis (+0.25); Infectious myonecrosis->affectsTaxon->Tôm thẻ chân trắng (+0.10); Infectious myonecrosis->causedBy->Infectious myonecrosis virus (+0.08),,"KG direct match: document aboutDisease=Infectious myonecrosis; KG relation match: Infectious myonecrosis affectsTaxon Tôm thẻ chân trắng, and document aboutTaxon=Tôm thẻ chân trắng; KG relation match: Infectious myonecrosis causedBy Infectious myonecrosis virus, and document has pathogen=Infectious myonecrosis virus",http://www.semanticweb.org/lenovo/ontologies/2026/0/untitled-ontology-3#FAO_010,0.25,0.18,0.0,True,False,False,False,match disease query=IMN with doc_term=IMN (+0.35),,"metadata: match disease query=IMN with doc_term=IMN (+0.35); KG: KG direct match: document aboutDisease=Infectious myonecrosis; KG relation match: Infectious myonecrosis affectsTaxon Tôm thẻ chân trắng, and document aboutTaxon=Tôm thẻ chân trắng; KG relation match: Infectious myonecrosis causedBy Infectious myonecrosis virus, and document has pathogen=Infectious myonecrosis virus","{'disease': ['IMN'], 'species': [], 'location': [], 'mode': []}"
infectious myonecrosis,hybrid,2,PMC_014,"Immune response, gene expression, and intestinal microbial composition of Pacific white shrimp fed with multispecies synbiotic for the prevention of coinfected disease",PMC_014_chunk_5,0.5493,0.35,1.3293,disease_priority,IMN,,,,IMN,,,,0.43,aboutDisease=Infectious myonecrosis (+0.25); Infectious myonecrosis->affectsTaxon->Tôm thẻ chân trắng (+0.10); Infectious myonecrosis->causedBy->Infectious myonecrosis virus (+0.08),,"KG direct match: document aboutDisease=Infectious myonecrosis; KG relation match: Infectious myonecrosis affectsTaxon Tôm thẻ chân trắng, and document aboutTaxon=Tôm thẻ chân trắng; KG relation match: Infectious myonecrosis causedBy Infectious myonecrosis virus, and document has pathogen=Infectious myonecrosis virus",http://www.semanticweb.org/lenovo/ontologies/2026/0/untitled-ontology-3#PMC_014,0.25,0.18,0.0,True,False,False,False,match disease query=IMN with doc_term=IMN (+0.35),,"metadata: match disease query=IMN with doc_term=IMN (+0.35); KG: KG direct match: document aboutDisease=Infectious myonecrosis; KG relation match: Infectious myonecrosis affectsTaxon Tôm thẻ chân trắng, and document aboutTaxon=Tôm thẻ chân trắng; KG relation match: Infectious myonecrosis causedBy Infectious myonecrosis virus, and document has pathogen=Infectious myonecrosis virus","{'disease': ['IMN'], 'species': [], 'location': [], 'mode': []}"
infectious myonecrosis,hybrid,3,FAO_045,Strengthening Capacity for Dealing with Shrimp Infectious Myonecrosis Virus Disease - TCP/INT/3501,FAO_045_chunk_0,0.6146,0.35,1.2946,disease_priority,IMN,,,,IMN,,,,0.33,aboutDisease=Infectious myonecrosis (+0.25); Infectious myonecrosis->causedBy->Infectious myonecrosis virus (+0.08),,"KG direct match: document aboutDisease=Infectious myonecrosis; KG relation match: Infectious myonecrosis causedBy Infectious myonecrosis virus, and document has pathogen=Infectious myonecrosis virus",http://www.semanticweb.org/lenovo/ontologies/2026/0/untitled-ontology-3#FAO_045,0.25,0.08,0.0,True,False,False,False,match disease query=IMN with doc_term=IMN (+0.35),,"metadata: match disease query=IMN with doc_term=IMN (+0.35); KG: KG direct match: document aboutDisease=Infectious myonecrosis; KG relation match: Infectious myonecrosis causedBy Infectious myonecrosis virus, and document has pathogen=Infectious myonecrosis virus","{'disease': ['IMN'], 'species': [], 'location': [], 'mode': []}"
infectious myonecrosis,hybrid,4,TCTS_001,Các bệnh thường gặp trên tôm nước lợ và biện pháp phòng chống hiệu quả,TCTS_001_chunk_8,0.5176,-0.18,0.5376,disease_priority,IMN,,,,IMN,,,,0.2,Infectious myonecrosis->affectsTaxon->Tôm thẻ chân trắng (+0.10); Infectious myonecrosis->affectsTaxon->Tôm sú (+0.10),,"KG relation match: Infectious myonecrosis affectsTaxon Tôm thẻ chân trắng, and document aboutTaxon=Tôm thẻ chân trắng; KG relation match: Infectious myonecrosis affectsTaxon Tôm sú, and document aboutTaxon=Tôm sú",http://www.semanticweb.org/lenovo/ontologies/2026/0/untitled-ontology-3#TCTS_001,0.0,0.2,0.0,False,False,False,False,,miss disease (-0.18),"metadata: miss disease (-0.18); KG: KG relation match: Infectious myonecrosis affectsTaxon Tôm thẻ chân trắng, and document aboutTaxon=Tôm thẻ chân trắng; KG relation match: Infectious myonecrosis affectsTaxon Tôm sú, and document aboutTaxon=Tôm sú","{'disease': ['IMN'], 'species': [], 'location': [], 'mode': []}"
infectious myonecrosis,hybrid,5,PMC_032,"Isolation, characterization, and pathogenicity of a Vibrio parahaemolyticus strain causing translucent post-larvae disease in Penaeus vannamei outside China",PMC_032_chunk_4,0.5198,-0.18,0.4398,disease_priority,IMN,,,,IMN,,,,0.1,Infectious myonecrosis->affectsTaxon->Tôm thẻ chân trắng (+0.10),,"KG relation match: Infectious myonecrosis affectsTaxon Tôm thẻ chân trắng, and document aboutTaxon=Tôm thẻ chân trắng",http://www.semanticweb.org/lenovo/ontologies/2026/0/untitled-ontology-3#PMC_032,0.0,0.1,0.0,False,False,False,False,,miss disease (-0.18),"metadata: miss disease (-0.18); KG: KG relation match: Infectious myonecrosis affectsTaxon Tôm thẻ chân trắng, and document aboutTaxon=Tôm thẻ chân trắng","{'disease': ['IMN'], 'species': [], 'location': [], 'mode': []}"
bệnh thường gặp trên cá bớp,vector,1,NACA_003,"Report of the fifteenth meeting of the Asia Regional Advisory Group on Aquatic Animal Health, 21-23 November 2016",NACA_003_chunk_72,0.8149,,,species_priority,,Cá bớp,,,,Cá bớp,,,,,,,,,,,,,,,,,,"{'disease': [], 'species': ['Cá bớp'], 'location': [], 'mode': []}"
bệnh thường gặp trên cá bớp,vector,2,FAO_018,Water quality and fish health,FAO_018_chunk_266,0.7655,,,species_priority,,Cá bớp,,,,Cá bớp,,,,,,,,,,,,,,,,,,"{'disease': [], 'species': ['Cá bớp'], 'location': [], 'mode': []}"
bệnh thường gặp trên cá bớp,vector,3,FAO_029,"Impacts of climate change on fisheries and aquaculture. Synthesis of current knowledge, adaptation and mitigation options",FAO_029_chunk_2841,0.7641,,,species_priority,,Cá bớp,,,,Cá bớp,,,,,,,,,,,,,,,,,,"{'disease': [], 'species': ['Cá bớp'], 'location': [], 'mode': []}"
bệnh thường gặp trên cá bớp,hybrid,1,NACA_003,"Report of the fifteenth meeting of the Asia Regional Advisory Group on Aquatic Animal Health, 21-23 November 2016",NACA_003_chunk_72,0.8149,0.0,0.8149,species_priority,,Cá bớp,,,,Cá bớp,,,0.0,,,,http://www.semanticweb.org/lenovo/ontologies/2026/0/untitled-ontology-3#NACA_003,0.0,0.0,0.0,False,False,False,False,,,no KG match (delta=0),"{'disease': [], 'species': ['Cá bớp'], 'location': [], 'mode': []}"
bệnh thường gặp trên cá bớp,hybrid,2,FAO_018,Water quality and fish health,FAO_018_chunk_266,0.7655,0.0,0.7655,species_priority,,Cá bớp,,,,Cá bớp,,,0.0,,,,http://www.semanticweb.org/lenovo/ontologies/2026/0/untitled-ontology-3#FAO_018,0.0,0.0,0.0,False,False,False,False,,,no KG match (delta=0),"{'disease': [], 'species': ['Cá bớp'], 'location': [], 'mode': []}"
bệnh thường gặp trên cá bớp,hybrid,3,FAO_029,"Impacts of climate change on fisheries and aquaculture. Synthesis of current knowledge, adaptation and mitigation options",FAO_029_chunk_2841,0.7641,0.0,0.7641,species_priority,,Cá bớp,,,,Cá bớp,,,0.0,,,,http://www.semanticweb.org/lenovo/ontologies/2026/0/untitled-ontology-3#FAO_029,0.0,0.0,0.0,False,False,False,False,,,no KG match (delta=0),"{'disease': [], 'species': ['Cá bớp'], 'location': [], 'mode': []}"
bệnh thường gặp trên cá bớp,hybrid,4,FAO_009,Asia diagnostic guide to aquatic animal diseases,FAO_009_chunk_290,0.7498,0.0,0.7498,species_priority,,Cá bớp,,,,Cá bớp,,,0.0,,,,http://www.semanticweb.org/lenovo/ontologies/2026/0/untitled-ontology-3#FAO_009,0.0,0.0,0.0,False,False,False,False,,,no KG match (delta=0),"{'disease': [], 'species': ['Cá bớp'], 'location': [], 'mode': []}"
bệnh thường gặp trên cá bớp,hybrid,5,FAO_036,Strengthening aquaculture health management in Bosnia and Herzegovina,FAO_036_chunk_100,0.7388,0.0,0.7388,species_priority,,Cá bớp,,,,Cá bớp,,,0.0,,,,http://www.semanticweb.org/lenovo/ontologies/2026/0/untitled-ontology-3#FAO_036,0.0,0.0,0.0,False,False,False,False,,,no KG match (delta=0),"{'disease': [], 'species': ['Cá bớp'], 'location': [], 'mode': []}"
production mode trại giống tôm thẻ chân trắng,vector,1,FAO_005,Health management and biosecurity maintenance in white shrimp (Penaeus vannamei) hatcheries in Latin America,FAO_005_chunk_7,0.5018,,,species_priority,,Tôm thẻ chân trắng,,hatchery aquaculture,,Tôm thẻ chân trắng,,,,,,,,,,,,,,,,,,"{'disease': [], 'species': ['Tôm thẻ chân trắng'], 'location': [], 'mode': ['hatchery aquaculture']}"
production mode trại giống tôm thẻ chân trắng,vector,2,RIA3_001,Quy hoạch nuôi tôm hùm đến năm 2020 và định hướng đến 2030,RIA3_001_chunk_314,0.4863,,,species_priority,,Tôm thẻ chân trắng,,hatchery aquaculture,,Tôm thẻ chân trắng,,,,,,,,,,,,,,,,,,"{'disease': [], 'species': ['Tôm thẻ chân trắng'], 'location': [], 'mode': ['hatchery aquaculture']}"
production mode trại giống tôm thẻ chân trắng,vector,3,FAO_011,Brackishwater Shrimp Culture Demonstration in Bangladesh - BOBP/REP/35,FAO_011_chunk_79,0.4784,,,species_priority,,Tôm thẻ chân trắng,,hatchery aquaculture,,Tôm thẻ chân trắng,,,,,,,,,,,,,,,,,,"{'disease': [], 'species': ['Tôm thẻ chân trắng'], 'location': [], 'mode': ['hatchery aquaculture']}"
production mode trại giống tôm thẻ chân trắng,hybrid,1,FAO_005,Health management and biosecurity maintenance in white shrimp (Penaeus vannamei) hatcheries in Latin America,FAO_005_chunk_7,0.5018,0.08,0.7818,species_priority,,Tôm thẻ chân trắng,,hatchery aquaculture,,Tôm thẻ chân trắng,,,0.2,aboutTaxon=Tôm thẻ chân trắng (+0.20),,KG direct match: document aboutTaxon=Tôm thẻ chân trắng,http://www.semanticweb.org/lenovo/ontologies/2026/0/untitled-ontology-3#FAO_005,0.2,0.0,0.0,False,False,False,True,match mode query=hatchery aquaculture with doc_term=hatchery aquaculture (+0.08),,metadata: match mode query=hatchery aquaculture with doc_term=hatchery aquaculture (+0.08); KG: KG direct match: document aboutTaxon=Tôm thẻ chân trắng,"{'disease': [], 'species': ['Tôm thẻ chân trắng'], 'location': [], 'mode': ['hatchery aquaculture']}"
production mode trại giống tôm thẻ chân trắng,hybrid,2,PMC_007,"Effects of Feed Mixed with Lactic Acid Bacteria and Carbon, Nitrogen, Phosphorus Supplied to the Water on the Growth and Survival Rate of White Leg Shrimp (Penaeus vannamei) Infected with Acute Hepatopancreatic Necrosis Disease Caused by Vibrio parahaemolyticus",PMC_007_chunk_82,0.4617,0.08,0.7417,species_priority,,Tôm thẻ chân trắng,,hatchery aquaculture,,Tôm thẻ chân trắng,,,0.2,aboutTaxon=Tôm thẻ chân trắng (+0.20),,KG direct match: document aboutTaxon=Tôm thẻ chân trắng,http://www.semanticweb.org/lenovo/ontologies/2026/0/untitled-ontology-3#PMC_007,0.2,0.0,0.0,False,False,False,True,match mode query=hatchery aquaculture with doc_term=shrimp aquaculture (+0.08),,metadata: match mode query=hatchery aquaculture with doc_term=shrimp aquaculture (+0.08); KG: KG direct match: document aboutTaxon=Tôm thẻ chân trắng,"{'disease': [], 'species': ['Tôm thẻ chân trắng'], 'location': [], 'mode': ['hatchery aquaculture']}"
production mode trại giống tôm thẻ chân trắng,hybrid,3,RIA3_001,Quy hoạch nuôi tôm hùm đến năm 2020 và định hướng đến 2030,RIA3_001_chunk_314,0.4863,0.08,0.5663,species_priority,,Tôm thẻ chân trắng,,hatchery aquaculture,,Tôm thẻ chân trắng,,,0.0,,,,http://www.semanticweb.org/lenovo/ontologies/2026/0/untitled-ontology-3#RIA3_001,0.0,0.0,0.0,False,False,False,True,match mode query=hatchery aquaculture with doc_term=marine aquaculture (+0.08),,match mode query=hatchery aquaculture with doc_term=marine aquaculture (+0.08),"{'disease': [], 'species': ['Tôm thẻ chân trắng'], 'location': [], 'mode': ['hatchery aquaculture']}"
production mode trại giống tôm thẻ chân trắng,hybrid,4,FAO_039,Promotion of Small-scale Shrimp and Prawn Hatcheries in India and Bangladesh - BOBP/REP/66,FAO_039_chunk_55,0.4459,0.08,0.5259,species_priority,,Tôm thẻ chân trắng,,hatchery aquaculture,,Tôm thẻ chân trắng,,,0.0,,,,http://www.semanticweb.org/lenovo/ontologies/2026/0/untitled-ontology-3#FAO_039,0.0,0.0,0.0,False,False,False,True,match mode query=hatchery aquaculture with doc_term=hatchery aquaculture (+0.08),,match mode query=hatchery aquaculture with doc_term=hatchery aquaculture (+0.08),"{'disease': [], 'species': ['Tôm thẻ chân trắng'], 'location': [], 'mode': ['hatchery aquaculture']}"
production mode trại giống tôm thẻ chân trắng,hybrid,5,FAO_002,Improving Penaeus monodon hatchery practices. Manual based on experience in India.,FAO_002_chunk_142,0.4435,0.08,0.5235,species_priority,,Tôm thẻ chân trắng,,hatchery aquaculture,,Tôm thẻ chân trắng,,,0.0,,,,http://www.semanticweb.org/lenovo/ontologies/2026/0/untitled-ontology-3#FAO_002,0.0,0.0,0.0,False,False,False,True,match mode query=hatchery aquaculture with doc_term=hatchery aquaculture (+0.08),,match mode query=hatchery aquaculture with doc_term=hatchery aquaculture (+0.08),"{'disease': [], 'species': ['Tôm thẻ chân trắng'], 'location': [], 'mode': ['hatchery aquaculture']}"
tài liệu về trại giống tôm sú ở Ấn Độ,vector,1,FAO_039,Promotion of Small-scale Shrimp and Prawn Hatcheries in India and Bangladesh - BOBP/REP/66,FAO_039_chunk_80,0.6839,,,species_priority,,Tôm sú,Ấn Độ,hatchery aquaculture,,Tôm sú,Ấn Độ,,,,,,,,,,,,,,,,,"{'disease': [], 'species': ['Tôm sú'], 'location': ['Ấn Độ'], 'mode': ['hatchery aquaculture']}"
tài liệu về trại giống tôm sú ở Ấn Độ,vector,2,FAO_039,Promotion of Small-scale Shrimp and Prawn Hatcheries in India and Bangladesh - BOBP/REP/66,FAO_039_chunk_13,0.6829,,,species_priority,,Tôm sú,Ấn Độ,hatchery aquaculture,,Tôm sú,Ấn Độ,,,,,,,,,,,,,,,,,"{'disease': [], 'species': ['Tôm sú'], 'location': ['Ấn Độ'], 'mode': ['hatchery aquaculture']}"
tài liệu về trại giống tôm sú ở Ấn Độ,vector,3,FAO_042_i3720e,The State of World Fisheries and Aquaculture 2024 – Blue Transformation in action,FAO_042_i3720e_chunk_0,0.6682,,,species_priority,,Tôm sú,Ấn Độ,hatchery aquaculture,,Tôm sú,Ấn Độ,,,,,,,,,,,,,,,,,"{'disease': [], 'species': ['Tôm sú'], 'location': ['Ấn Độ'], 'mode': ['hatchery aquaculture']}"
tài liệu về trại giống tôm sú ở Ấn Độ,hybrid,1,FAO_039,Promotion of Small-scale Shrimp and Prawn Hatcheries in India and Bangladesh - BOBP/REP/66,FAO_039_chunk_80,0.6839,0.08,0.8639,species_priority,,Tôm sú,Ấn Độ,hatchery aquaculture,,Tôm sú,Ấn Độ,,0.1,aboutLocation=Ấn Độ (+0.10),,KG direct match: document aboutLocation=Ấn Độ,http://www.semanticweb.org/lenovo/ontologies/2026/0/untitled-ontology-3#FAO_039,0.1,0.0,0.0,False,False,False,True,match mode query=hatchery aquaculture with doc_term=hatchery aquaculture (+0.08),,metadata: match mode query=hatchery aquaculture with doc_term=hatchery aquaculture (+0.08); KG: KG direct match: document aboutLocation=Ấn Độ,"{'disease': [], 'species': ['Tôm sú'], 'location': ['Ấn Độ'], 'mode': ['hatchery aquaculture']}"
tài liệu về trại giống tôm sú ở Ấn Độ,hybrid,2,PMC_034,Genome Characterization and Infectivity Potential of Vibriophage-φLV6 with Lytic Activity against Luminescent Vibrios of Penaeus vannamei Shrimp Aquaculture,PMC_034_chunk_107,0.6449,0.08,0.8249,species_priority,,Tôm sú,Ấn Độ,hatchery aquaculture,,Tôm sú,Ấn Độ,,0.1,aboutLocation=Ấn Độ (+0.10),,KG direct match: document aboutLocation=Ấn Độ,http://www.semanticweb.org/lenovo/ontologies/2026/0/untitled-ontology-3#PMC_034,0.1,0.0,0.0,False,False,False,True,match mode query=hatchery aquaculture with doc_term=hatchery aquaculture (+0.08),,metadata: match mode query=hatchery aquaculture with doc_term=hatchery aquaculture (+0.08); KG: KG direct match: document aboutLocation=Ấn Độ,"{'disease': [], 'species': ['Tôm sú'], 'location': ['Ấn Độ'], 'mode': ['hatchery aquaculture']}"
tài liệu về trại giống tôm sú ở Ấn Độ,hybrid,3,FAO_040,An assessment of impacts from shrimp aquaculture in Bangladesh and prospects for improvement,FAO_040_chunk_379,0.6422,0.08,0.7222,species_priority,,Tôm sú,Ấn Độ,hatchery aquaculture,,Tôm sú,Ấn Độ,,0.0,,,,http://www.semanticweb.org/lenovo/ontologies/2026/0/untitled-ontology-3#FAO_040,0.0,0.0,0.0,False,False,False,True,match mode query=hatchery aquaculture with doc_term=coastal aquaculture (+0.08),,match mode query=hatchery aquaculture with doc_term=coastal aquaculture (+0.08),"{'disease': [], 'species': ['Tôm sú'], 'location': ['Ấn Độ'], 'mode': ['hatchery aquaculture']}"
tài liệu về trại giống tôm sú ở Ấn Độ,hybrid,4,FAO_042_i3720e,The State of World Fisheries and Aquaculture 2024 – Blue Transformation in action,FAO_042_i3720e_chunk_0,0.6682,0.0,0.6682,species_priority,,Tôm sú,Ấn Độ,hatchery aquaculture,,Tôm sú,Ấn Độ,,0.0,,,,http://www.semanticweb.org/lenovo/ontologies/2026/0/untitled-ontology-3#FAO_042_i3720e,0.0,0.0,0.0,False,False,False,False,,,no KG match (delta=0),"{'disease': [], 'species': ['Tôm sú'], 'location': ['Ấn Độ'], 'mode': ['hatchery aquaculture']}"
tài liệu về trại giống tôm sú ở Ấn Độ,hybrid,5,FAO_016,Aquaculture development. 13. Guidelines for ex situ in vitro gene banking of aquatic genetic resources,FAO_016_chunk_799,0.6328,0.0,0.6328,species_priority,,Tôm sú,Ấn Độ,hatchery aquaculture,,Tôm sú,Ấn Độ,,0.0,,,,http://www.semanticweb.org/lenovo/ontologies/2026/0/untitled-ontology-3#FAO_016,0.0,0.0,0.0,False,False,False,False,,,no KG match (delta=0),"{'disease': [], 'species': ['Tôm sú'], 'location': ['Ấn Độ'], 'mode': ['hatchery aquaculture']}"
biosecurity trong hatchery tôm thẻ chân trắng,vector,1,FAO_002,Improving Penaeus monodon hatchery practices. Manual based on experience in India.,FAO_002_chunk_94,0.6337,,,species_priority,biosecurity,Tôm thẻ chân trắng,,hatchery aquaculture,,Tôm thẻ chân trắng,,,,,,,,,,,,,,,,,,"{'disease': ['biosecurity'], 'species': ['Tôm thẻ chân trắng'], 'location': [], 'mode': ['hatchery aquaculture']}"
biosecurity trong hatchery tôm thẻ chân trắng,vector,2,FAO_005,Health management and biosecurity maintenance in white shrimp (Penaeus vannamei) hatcheries in Latin America,FAO_005_chunk_54,0.6125,,,species_priority,biosecurity,Tôm thẻ chân trắng,,hatchery aquaculture,,Tôm thẻ chân trắng,,,,,,,,,,,,,,,,,,"{'disease': ['biosecurity'], 'species': ['Tôm thẻ chân trắng'], 'location': [], 'mode': ['hatchery aquaculture']}"
biosecurity trong hatchery tôm thẻ chân trắng,vector,3,FAO_001,Shrimp acute hepatopancreatic necrosis disease strategy manual,FAO_001_chunk_239,0.6113,,,species_priority,biosecurity,Tôm thẻ chân trắng,,hatchery aquaculture,,Tôm thẻ chân trắng,,,,,,,,,,,,,,,,,,"{'disease': ['biosecurity'], 'species': ['Tôm thẻ chân trắng'], 'location': [], 'mode': ['hatchery aquaculture']}"
biosecurity trong hatchery tôm thẻ chân trắng,hybrid,1,FAO_001,Shrimp acute hepatopancreatic necrosis disease strategy manual,FAO_001_chunk_239,0.6113,0.08,0.9413,species_priority,biosecurity,Tôm thẻ chân trắng,,hatchery aquaculture,,Tôm thẻ chân trắng,,,0.25,aboutTaxon=Tôm thẻ chân trắng (+0.20); prevention=An toàn sinh học (+0.05),,KG direct match: document aboutTaxon=Tôm thẻ chân trắng; KG context match: document recommendedPrevention=An toàn sinh học,http://www.semanticweb.org/lenovo/ontologies/2026/0/untitled-ontology-3#FAO_001,0.2,0.0,0.05,False,False,False,True,match mode query=hatchery aquaculture with doc_term=shrimp aquaculture (+0.08),,metadata: match mode query=hatchery aquaculture with doc_term=shrimp aquaculture (+0.08); KG: KG direct match: document aboutTaxon=Tôm thẻ chân trắng; KG context match: document recommendedPrevention=An toàn sinh học,"{'disease': ['biosecurity'], 'species': ['Tôm thẻ chân trắng'], 'location': [], 'mode': ['hatchery aquaculture']}"
biosecurity trong hatchery tôm thẻ chân trắng,hybrid,2,FAO_005,Health management and biosecurity maintenance in white shrimp (Penaeus vannamei) hatcheries in Latin America,FAO_005_chunk_54,0.6125,0.08,0.8925,species_priority,biosecurity,Tôm thẻ chân trắng,,hatchery aquaculture,,Tôm thẻ chân trắng,,,0.2,aboutTaxon=Tôm thẻ chân trắng (+0.20),,KG direct match: document aboutTaxon=Tôm thẻ chân trắng,http://www.semanticweb.org/lenovo/ontologies/2026/0/untitled-ontology-3#FAO_005,0.2,0.0,0.0,False,False,False,True,match mode query=hatchery aquaculture with doc_term=hatchery aquaculture (+0.08),,metadata: match mode query=hatchery aquaculture with doc_term=hatchery aquaculture (+0.08); KG: KG direct match: document aboutTaxon=Tôm thẻ chân trắng,"{'disease': ['biosecurity'], 'species': ['Tôm thẻ chân trắng'], 'location': [], 'mode': ['hatchery aquaculture']}"
biosecurity trong hatchery tôm thẻ chân trắng,hybrid,3,TCTS_001,Các bệnh thường gặp trên tôm nước lợ và biện pháp phòng chống hiệu quả,TCTS_001_chunk_1,0.5395,0.08,0.8695,species_priority,biosecurity,Tôm thẻ chân trắng,,hatchery aquaculture,,Tôm thẻ chân trắng,,,0.25,aboutTaxon=Tôm thẻ chân trắng (+0.20); prevention=An toàn sinh học (+0.05),,KG direct match: document aboutTaxon=Tôm thẻ chân trắng; KG context match: document recommendedPrevention=An toàn sinh học,http://www.semanticweb.org/lenovo/ontologies/2026/0/untitled-ontology-3#TCTS_001,0.2,0.0,0.05,False,False,False,True,match mode query=hatchery aquaculture with doc_term=shrimp aquaculture (+0.08),,metadata: match mode query=hatchery aquaculture with doc_term=shrimp aquaculture (+0.08); KG: KG direct match: document aboutTaxon=Tôm thẻ chân trắng; KG context match: document recommendedPrevention=An toàn sinh học,"{'disease': ['biosecurity'], 'species': ['Tôm thẻ chân trắng'], 'location': [], 'mode': ['hatchery aquaculture']}"
biosecurity trong hatchery tôm thẻ chân trắng,hybrid,4,PMC_035,Advanced Pathogen Monitoring in Penaeus vannamei from Three Latin American Regions: Passive Surveillance Part 2,PMC_035_chunk_93,0.5317,0.08,0.8617,species_priority,biosecurity,Tôm thẻ chân trắng,,hatchery aquaculture,,Tôm thẻ chân trắng,,,0.25,aboutTaxon=Tôm thẻ chân trắng (+0.20); prevention=An toàn sinh học (+0.05),,KG direct match: document aboutTaxon=Tôm thẻ chân trắng; KG context match: document recommendedPrevention=An toàn sinh học,http://www.semanticweb.org/lenovo/ontologies/2026/0/untitled-ontology-3#PMC_035,0.2,0.0,0.05,False,False,False,True,match mode query=hatchery aquaculture with doc_term=shrimp aquaculture (+0.08),,metadata: match mode query=hatchery aquaculture with doc_term=shrimp aquaculture (+0.08); KG: KG direct match: document aboutTaxon=Tôm thẻ chân trắng; KG context match: document recommendedPrevention=An toàn sinh học,"{'disease': ['biosecurity'], 'species': ['Tôm thẻ chân trắng'], 'location': [], 'mode': ['hatchery aquaculture']}"
biosecurity trong hatchery tôm thẻ chân trắng,hybrid,5,FAO_002,Improving Penaeus monodon hatchery practices. Manual based on experience in India.,FAO_002_chunk_94,0.6337,0.08,0.7137,species_priority,biosecurity,Tôm thẻ chân trắng,,hatchery aquaculture,,Tôm thẻ chân trắng,,,0.0,,,,http://www.semanticweb.org/lenovo/ontologies/2026/0/untitled-ontology-3#FAO_002,0.0,0.0,0.0,False,False,False,True,match mode query=hatchery aquaculture with doc_term=hatchery aquaculture (+0.08),,match mode query=hatchery aquaculture with doc_term=hatchery aquaculture (+0.08),"{'disease': ['biosecurity'], 'species': ['Tôm thẻ chân trắng'], 'location': [], 'mode': ['hatchery aquaculture']}"
aquaculture disease prevention,vector,1,FAO_004,The Progressive Management Pathway for Aquaculture Biosecurity: Guidelines for application,FAO_004_chunk_63,0.7943,,,generic,disease prevention,,,Nuôi trồng,,,,Nuôi trồng,,,,,,,,,,,,,,,,"{'disease': ['disease prevention'], 'species': [], 'location': [], 'mode': ['Nuôi trồng']}"
aquaculture disease prevention,vector,2,FAO_010,Shrimp infectious myonecrosis strategy manual,FAO_010_chunk_40,0.7866,,,generic,disease prevention,,,Nuôi trồng,,,,Nuôi trồng,,,,,,,,,,,,,,,,"{'disease': ['disease prevention'], 'species': [], 'location': [], 'mode': ['Nuôi trồng']}"
aquaculture disease prevention,vector,3,FAO_013,Surveillance and zoning for aquatic animal diseases,FAO_013_chunk_54,0.7857,,,generic,disease prevention,,,Nuôi trồng,,,,Nuôi trồng,,,,,,,,,,,,,,,,"{'disease': ['disease prevention'], 'species': [], 'location': [], 'mode': ['Nuôi trồng']}"
aquaculture disease prevention,hybrid,1,FAO_004,The Progressive Management Pathway for Aquaculture Biosecurity: Guidelines for application,FAO_004_chunk_63,0.7943,0.0,0.8943,generic,disease prevention,,,Nuôi trồng,,,,Nuôi trồng,0.1,documentProductionMode=Nuôi trồng (+0.10),,KG direct match: document documentProductionMode=Nuôi trồng,http://www.semanticweb.org/lenovo/ontologies/2026/0/untitled-ontology-3#FAO_004,0.1,0.0,0.0,False,False,False,False,,,metadata: no KG match (delta=0); KG: KG direct match: document documentProductionMode=Nuôi trồng,"{'disease': ['disease prevention'], 'species': [], 'location': [], 'mode': ['Nuôi trồng']}"
aquaculture disease prevention,hybrid,2,FAO_010,Shrimp infectious myonecrosis strategy manual,FAO_010_chunk_40,0.7866,0.0,0.8866,generic,disease prevention,,,Nuôi trồng,,,,Nuôi trồng,0.1,documentProductionMode=Nuôi trồng (+0.10),,KG direct match: document documentProductionMode=Nuôi trồng,http://www.semanticweb.org/lenovo/ontologies/2026/0/untitled-ontology-3#FAO_010,0.1,0.0,0.0,False,False,False,False,,,metadata: no KG match (delta=0); KG: KG direct match: document documentProductionMode=Nuôi trồng,"{'disease': ['disease prevention'], 'species': [], 'location': [], 'mode': ['Nuôi trồng']}"
aquaculture disease prevention,hybrid,3,FAO_013,Surveillance and zoning for aquatic animal diseases,FAO_013_chunk_54,0.7857,0.0,0.8857,generic,disease prevention,,,Nuôi trồng,,,,Nuôi trồng,0.1,documentProductionMode=Nuôi trồng (+0.10),,KG direct match: document documentProductionMode=Nuôi trồng,http://www.semanticweb.org/lenovo/ontologies/2026/0/untitled-ontology-3#FAO_013,0.1,0.0,0.0,False,False,False,False,,,metadata: no KG match (delta=0); KG: KG direct match: document documentProductionMode=Nuôi trồng,"{'disease': ['disease prevention'], 'species': [], 'location': [], 'mode': ['Nuôi trồng']}"
aquaculture disease prevention,hybrid,4,FAO_007,"Report of the Ninth Session of the Central Asian and Caucasus Regional Fisheries and Aquaculture Commission, Almaty, Kazakhstan, 25–26 November 2025",FAO_007_chunk_187,0.7696,0.0,0.8696,generic,disease prevention,,,Nuôi trồng,,,,Nuôi trồng,0.1,documentProductionMode=Nuôi trồng (+0.10),,KG direct match: document documentProductionMode=Nuôi trồng,http://www.semanticweb.org/lenovo/ontologies/2026/0/untitled-ontology-3#FAO_007,0.1,0.0,0.0,False,False,False,False,,,metadata: no KG match (delta=0); KG: KG direct match: document documentProductionMode=Nuôi trồng,"{'disease': ['disease prevention'], 'species': [], 'location': [], 'mode': ['Nuôi trồng']}"
aquaculture disease prevention,hybrid,5,FAO_037,Preventing and managing aquatic animal disease risks in aquaculture through a progressive management pathway,FAO_037_chunk_49,0.7636,0.0,0.8636,generic,disease prevention,,,Nuôi trồng,,,,Nuôi trồng,0.1,documentProductionMode=Nuôi trồng (+0.10),,KG direct match: document documentProductionMode=Nuôi trồng,http://www.semanticweb.org/lenovo/ontologies/2026/0/untitled-ontology-3#FAO_037,0.1,0.0,0.0,False,False,False,False,,,metadata: no KG match (delta=0); KG: KG direct match: document documentProductionMode=Nuôi trồng,"{'disease': ['disease prevention'], 'species': [], 'location': [], 'mode': ['Nuôi trồng']}"
shrimp hatchery latin america,vector,1,FAO_012,Introductions and movement of Penaeus vannamei and Penaeus stylirostris in Asia and the Pacific,FAO_012_chunk_46,0.7253,,,species_priority,,shrimp,Mỹ Latin,hatchery aquaculture,,shrimp,Mỹ Latin,,,,,,,,,,,,,,,,,"{'disease': [], 'species': ['shrimp'], 'location': ['Mỹ Latin'], 'mode': ['hatchery aquaculture']}"
shrimp hatchery latin america,vector,2,FAO_023,"Environmental impact assessment and monitoring in aquaculture. Requirements, practices, effectiveness and improvements",FAO_023_chunk_2336,0.7109,,,species_priority,,shrimp,Mỹ Latin,hatchery aquaculture,,shrimp,Mỹ Latin,,,,,,,,,,,,,,,,,"{'disease': [], 'species': ['shrimp'], 'location': ['Mỹ Latin'], 'mode': ['hatchery aquaculture']}"
shrimp hatchery latin america,vector,3,FAO_005,Health management and biosecurity maintenance in white shrimp (Penaeus vannamei) hatcheries in Latin America,FAO_005_chunk_254,0.7096,,,species_priority,,shrimp,Mỹ Latin,hatchery aquaculture,,shrimp,Mỹ Latin,,,,,,,,,,,,,,,,,"{'disease': [], 'species': ['shrimp'], 'location': ['Mỹ Latin'], 'mode': ['hatchery aquaculture']}"
shrimp hatchery latin america,hybrid,1,FAO_005,Health management and biosecurity maintenance in white shrimp (Penaeus vannamei) hatcheries in Latin America,FAO_005_chunk_254,0.7096,0.3,1.1696,species_priority,,shrimp,Mỹ Latin,hatchery aquaculture,,shrimp,Mỹ Latin,,0.16,aboutTaxon(generic)=shrimp (+0.06); aboutLocation=Mỹ Latin (+0.10),,KG direct match (generic): document aboutTaxon=shrimp; KG direct match: document aboutLocation=Mỹ Latin,http://www.semanticweb.org/lenovo/ontologies/2026/0/untitled-ontology-3#FAO_005,0.16,0.0,0.0,False,True,False,True,match species query=shrimp with doc_term=shrimp (+0.22); match mode query=hatchery aquaculture with doc_term=hatchery aquaculture (+0.08),,metadata: match species query=shrimp with doc_term=shrimp (+0.22); match mode query=hatchery aquaculture with doc_term=hatchery aquaculture (+0.08); KG: KG direct match (generic): document aboutTaxon=shrimp; KG direct match: document aboutLocation=Mỹ Latin,"{'disease': [], 'species': ['shrimp'], 'location': ['Mỹ Latin'], 'mode': ['hatchery aquaculture']}"
shrimp hatchery latin america,hybrid,2,FAO_012,Introductions and movement of Penaeus vannamei and Penaeus stylirostris in Asia and the Pacific,FAO_012_chunk_46,0.7253,0.3,1.0853,species_priority,,shrimp,Mỹ Latin,hatchery aquaculture,,shrimp,Mỹ Latin,,0.06,aboutTaxon(generic)=shrimp (+0.06),,KG direct match (generic): document aboutTaxon=shrimp,http://www.semanticweb.org/lenovo/ontologies/2026/0/untitled-ontology-3#FAO_012,0.06,0.0,0.0,False,True,False,True,match species query=shrimp with doc_term=shrimp (+0.22); match mode query=hatchery aquaculture with doc_term=shrimp aquaculture (+0.08),,metadata: match species query=shrimp with doc_term=shrimp (+0.22); match mode query=hatchery aquaculture with doc_term=shrimp aquaculture (+0.08); KG: KG direct match (generic): document aboutTaxon=shrimp,"{'disease': [], 'species': ['shrimp'], 'location': ['Mỹ Latin'], 'mode': ['hatchery aquaculture']}"
shrimp hatchery latin america,hybrid,3,FAO_001,Shrimp acute hepatopancreatic necrosis disease strategy manual,FAO_001_chunk_46,0.6992,0.3,1.0592,species_priority,,shrimp,Mỹ Latin,hatchery aquaculture,,shrimp,Mỹ Latin,,0.06,aboutTaxon(generic)=shrimp (+0.06),,KG direct match (generic): document aboutTaxon=shrimp,http://www.semanticweb.org/lenovo/ontologies/2026/0/untitled-ontology-3#FAO_001,0.06,0.0,0.0,False,True,False,True,match species query=shrimp with doc_term=shrimp (+0.22); match mode query=hatchery aquaculture with doc_term=shrimp aquaculture (+0.08),,metadata: match species query=shrimp with doc_term=shrimp (+0.22); match mode query=hatchery aquaculture with doc_term=shrimp aquaculture (+0.08); KG: KG direct match (generic): document aboutTaxon=shrimp,"{'disease': [], 'species': ['shrimp'], 'location': ['Mỹ Latin'], 'mode': ['hatchery aquaculture']}"
shrimp hatchery latin america,hybrid,4,FAO_040,An assessment of impacts from shrimp aquaculture in Bangladesh and prospects for improvement,FAO_040_chunk_46,0.6967,0.3,1.0567,species_priority,,shrimp,Mỹ Latin,hatchery aquaculture,,shrimp,Mỹ Latin,,0.06,aboutTaxon(generic)=shrimp (+0.06),,KG direct match (generic): document aboutTaxon=shrimp,http://www.semanticweb.org/lenovo/ontologies/2026/0/untitled-ontology-3#FAO_040,0.06,0.0,0.0,False,True,False,True,match species query=shrimp with doc_term=shrimp (+0.22); match mode query=hatchery aquaculture with doc_term=coastal aquaculture (+0.08),,metadata: match species query=shrimp with doc_term=shrimp (+0.22); match mode query=hatchery aquaculture with doc_term=coastal aquaculture (+0.08); KG: KG direct match (generic): document aboutTaxon=shrimp,"{'disease': [], 'species': ['shrimp'], 'location': ['Mỹ Latin'], 'mode': ['hatchery aquaculture']}"
shrimp hatchery latin america,hybrid,5,PMC_031,"Vibrios Associated with Litopenaeus vannamei Larvae, Postlarvae, Broodstock, and Hatchery Probiotics",PMC_031_chunk_4,0.6909,0.3,1.0509,species_priority,,shrimp,Mỹ Latin,hatchery aquaculture,,shrimp,Mỹ Latin,,0.06,aboutTaxon(generic)=shrimp (+0.06),,KG direct match (generic): document aboutTaxon=shrimp,http://www.semanticweb.org/lenovo/ontologies/2026/0/untitled-ontology-3#PMC_031,0.06,0.0,0.0,False,True,False,True,match species query=shrimp with doc_term=shrimp (+0.22); match mode query=hatchery aquaculture with doc_term=hatchery aquaculture (+0.08),,metadata: match species query=shrimp with doc_term=shrimp (+0.22); match mode query=hatchery aquaculture with doc_term=hatchery aquaculture (+0.08); KG: KG direct match (generic): document aboutTaxon=shrimp,"{'disease': [], 'species': ['shrimp'], 'location': ['Mỹ Latin'], 'mode': ['hatchery aquaculture']}"
