doc_id,title,source,year,doc_type,topic_groups,n_topic_groups,matched_keywords_or_fields,location,language,notes
FAO_001,Shrimp acute hepatopancreatic necrosis disease strategy manual,FAO,2020,Manual / Guide,aquatic_disease; biosecurity_management; species_taxon_specific,3,field: disease/pathogen/symptom/prevention/treatment; biosecurity/management keywords: prevention; field: related_taxon/species,Global,English,multi-label
FAO_002,Improving Penaeus monodon hatchery practices. Manual based on experience in India.,FAO,2007,Technical study,aquatic_disease; hatchery_seed_production; biosecurity_management; species_taxon_specific,4,"keywords: health; hatchery keywords/fields: hatchery, trai giong; biosecurity/management keywords: biosecurity, health management; field: related_taxon/species",India,English,multi-label
FAO_003,Special Publication on Acute Hepatopancreatic Necrosis Disease (AHPND),FAO,2018,Technical book,aquatic_disease; biosecurity_management; local_vietnam_khanhhoa; species_taxon_specific,4,"field: disease/pathogen/symptom/prevention/treatment; biosecurity/management keywords: prevention, surveillance; local keywords/fields: vietnam, viet nam; field: related_taxon/species",Vietnam; Asia; Latin America,English,multi-label
FAO_004,The Progressive Management Pathway for Aquaculture Biosecurity: Guidelines for application,FAO,2023,Technical study,aquatic_disease; biosecurity_management; species_taxon_specific,3,"keywords: disease, surveillance, health; biosecurity/management keywords: biosecurity, prevention, health management, risk, risk analysis; field: related_taxon/species",Global,English,multi-label
FAO_005,Health management and biosecurity maintenance in white shrimp (Penaeus vannamei) hatcheries in Latin America,FAO,2003,Technical study,aquatic_disease; hatchery_seed_production; biosecurity_management; species_taxon_specific,4,"keywords: health; hatchery keywords/fields: hatchery; biosecurity/management keywords: biosecurity, health management; field: related_taxon/species",Latin America; Caribbean,English,multi-label
FAO_006,"FAO Second International Technical Seminar/Workshop on Acute hepatopancreatic necrosis disease (AHPND), Bangkok, Thailand 23–25 June 2016",FAO,2017,Meeting document,aquatic_disease; biosecurity_management; species_taxon_specific,3,"field: disease/pathogen/symptom/prevention/treatment; biosecurity/management keywords: biosecurity, prevention, surveillance, kiem soat; field: related_taxon/species",Thailand; Bangkok; Global,English,multi-label
FAO_007,"Report of the Ninth Session of the Central Asian and Caucasus Regional Fisheries and Aquaculture Commission, Almaty, Kazakhstan, 25–26 November 2025",FAO,2026,Technical report,aquatic_disease; species_taxon_specific,2,keywords: health; field: related_taxon/species,Central Asia; Caucasus; Kazakhstan,English,multi-label
FAO_008,Low water exchange shrimp farming: improvements in Thailand,FAO,2022,Brochure,aquatic_disease; environment_water_quality; species_taxon_specific,3,"keywords: disease, disease control; environment keywords/fields: pond; field: related_taxon/species",Thailand; Bangkok,English,multi-label
FAO_009,Asia diagnostic guide to aquatic animal diseases,FAO,2001,Technical study,aquatic_disease; biosecurity_management; species_taxon_specific,3,"keywords: diagnosis, diagnostic, health; biosecurity/management keywords: kiem soat; field: related_taxon/species",Asia,English,multi-label
FAO_010,Shrimp infectious myonecrosis strategy manual,FAO,2019,Manual / Guide,aquatic_disease; biosecurity_management; species_taxon_specific,3,"field: disease/pathogen/symptom/prevention/treatment; biosecurity/management keywords: prevention, kiem soat; field: related_taxon/species",Global,English,multi-label
FAO_011,Brackishwater Shrimp Culture Demonstration in Bangladesh - BOBP/REP/35,FAO,1986,Technical book,aquatic_disease; biosecurity_management; species_taxon_specific,3,keywords: health; biosecurity/management keywords: health management; field: related_taxon/species,Bangladesh; Khulna; Satkhira,English,multi-label
FAO_012,Introductions and movement of Penaeus vannamei and Penaeus stylirostris in Asia and the Pacific,FAO,2004,Technical book,aquatic_disease; biosecurity_management; species_taxon_specific,3,"keywords: disease, pathogen; biosecurity/management keywords: risk; field: related_taxon/species",Asia; Pacific,English,multi-label
FAO_013,Surveillance and zoning for aquatic animal diseases,FAO,2004,Technical study,aquatic_disease; biosecurity_management; species_taxon_specific,3,"keywords: disease, surveillance, health; biosecurity/management keywords: risk, surveillance, zoning, kiem soat; field: related_taxon/species",Global,English,multi-label
FAO_014,GLOBEFISH Quarterly Lobster Analysis - February 2026,FAO,2026,Other document,marine_aquaculture; species_taxon_specific,2,marine keywords/fields: lobster; field: related_taxon/species,Canada; China; Global,English,multi-label
FAO_015,FAO species catalogue. Vol.13. Marine lobsters of the world. An annotated and illustrated catalogue of marine lobsters known to date,FAO,1991,Technical book,species_taxon_specific,1,field: related_taxon/species,Global,English,
FAO_016,Aquaculture development. 13. Guidelines for ex situ in vitro gene banking of aquatic genetic resources,FAO,2026,Technical book,biosecurity_management; species_taxon_specific,2,biosecurity/management keywords: biosecurity; field: related_taxon/species,Global,English,multi-label
FAO_017,Survey and evaluation of water qualities. A field guide for managers of inland fisheries and fish farms,FAO,2020,Technical book,environment_water_quality; species_taxon_specific,2,"environment keywords/fields: water quality, moi truong; field: related_taxon/species",inland waters; Hungary; Global,English,multi-label
FAO_018,Water quality and fish health,FAO,1993,Technical report,aquatic_disease; biosecurity_management; environment_water_quality; species_taxon_specific,4,"keywords: disease, health; biosecurity/management keywords: risk; environment keywords/fields: water quality, environment, environmental, pollution, moi truong; field: related_taxon/species",Europe,English,multi-label
FAO_019,Understanding and applying risk analysis in aquaculture,FAO,2008,Technical study,aquatic_disease; biosecurity_management; environment_water_quality; species_taxon_specific,4,"keywords: disease; biosecurity/management keywords: risk, risk analysis; environment keywords/fields: environmental, moi truong; field: related_taxon/species",Global,English,multi-label
FAO_020,Risk Analysis for Movements of Live Aquatic Animals. An introductory training course,FAO,2012,Technical book,aquatic_disease; biosecurity_management; species_taxon_specific,3,"keywords: disease, pathogen; biosecurity/management keywords: biosecurity, risk, risk analysis, risk management; field: related_taxon/species",Global,English,multi-label
FAO_021,Guidelines for Sustainable Aquaculture: Communications handbook and toolkit,FAO,2026,Handbook,environment_water_quality; species_taxon_specific,2,"environment keywords/fields: climate, moi truong; field: related_taxon/species",Global,English,multi-label
FAO_022,Aquaculture development. 4. Ecosystem approach to aquaculture,FAO,2010,Guideline,environment_water_quality; species_taxon_specific,2,"environment keywords/fields: environmental, moi truong; field: related_taxon/species",Global,English,multi-label
FAO_023,"Environmental impact assessment and monitoring in aquaculture. Requirements, practices, effectiveness and improvements",FAO,2009,Technical study,biosecurity_management; environment_water_quality; species_taxon_specific,3,"biosecurity/management keywords: risk, risk analysis; environment keywords/fields: environment, environmental, monitoring, moi truong; field: related_taxon/species",Global,English,multi-label
FAO_024,Reducing environmental impacts of coastal aquaculture,FAO,1991,Technical report,marine_aquaculture; environment_water_quality,2,"marine keywords/fields: coastal aquaculture, coastal; environment keywords/fields: environment, environmental, pollution, moi truong",coastal areas; marine environment,English,multi-label
FAO_025,"Environmental management and environmental impact assessment in aquaculture: Training Workshop for aquaculture managers. Entebbe, Uganda",FAO,2013,Technical report,environment_water_quality; species_taxon_specific,2,"environment keywords/fields: environment, environmental, moi truong; field: related_taxon/species",Uganda; Africa,English,multi-label
FAO_026,Aquaculture Environmental Impact Assessment,FAO,2014,Other document,environment_water_quality; species_taxon_specific,2,"environment keywords/fields: environment, environmental, monitoring, moi truong; field: related_taxon/species",Indian Ocean; Southern Africa,English,multi-label
FAO_027,Aquaculture Adaptation Framework for Climate Change (Aqua-Adapt),FAO,2025,Technical study,biosecurity_management; environment_water_quality; species_taxon_specific,3,"biosecurity/management keywords: risk; environment keywords/fields: environmental, climate, monitoring; field: related_taxon/species",Global,English,multi-label
FAO_028,Climate Change Adaptation in Fisheries and Aquaculture. Compilation of initial examples,FAO,2014,Technical report,marine_aquaculture; environment_water_quality; species_taxon_specific,3,marine keywords/fields: coastal; environment keywords/fields: climate; field: related_taxon/species,Global,English,multi-label
FAO_029,"Impacts of climate change on fisheries and aquaculture. Synthesis of current knowledge, adaptation and mitigation options",FAO,2018,Technical study,biosecurity_management; environment_water_quality; species_taxon_specific,3,"biosecurity/management keywords: risk; environment keywords/fields: environmental, climate; field: related_taxon/species",Global,English,multi-label
FAO_031,Translating the Guidelines for Sustainable Aquaculture into action. Policy brief,FAO,2026,Policy brief,species_taxon_specific,1,field: related_taxon/species,Global,English,
FAO_032,Future pathways for aquaculture and fisheries development in Azerbaijan,FAO,2026,Technical brief,species_taxon_specific,1,field: related_taxon/species,Azerbaijan,English,
FAO_033,FAO Reference Centres for Antimicrobial Resistance and Aquaculture Biosecurity. Combating AMR together: ensuring healthy and safe aquatic foods,FAO,2023,Brochure,aquatic_disease; biosecurity_management; species_taxon_specific,3,"keywords: disease, health, disease control; biosecurity/management keywords: biosecurity, kiem soat; field: related_taxon/species",Global,English,multi-label
FAO_034,A survey of national emergency preparedness and response (EPR) systems. FAO Project TCP/INT/3501: Strengthening biosecurity governance and capacities for dealing with the serious shrimp infectious myonecrosis virus (IMNV) disease,FAO,2018,Technical report,aquatic_disease; biosecurity_management; species_taxon_specific,3,"field: disease/pathogen/symptom/prevention/treatment; biosecurity/management keywords: biosecurity, surveillance, kiem soat, emergency preparedness; field: related_taxon/species",Global,English,multi-label
FAO_035,Health management in Asian aquaculture,FAO,1995,Technical study,aquatic_disease; biosecurity_management; environment_water_quality; species_taxon_specific,4,"keywords: disease, diagnosis, health, disease control; biosecurity/management keywords: health management, kiem soat; environment keywords/fields: environmental; field: related_taxon/species",Asia; Pacific,English,multi-label
FAO_036,Strengthening aquaculture health management in Bosnia and Herzegovina,FAO,2009,Technical study,aquatic_disease; biosecurity_management; species_taxon_specific,3,"keywords: disease, surveillance, health, disease control; biosecurity/management keywords: health management, surveillance; field: related_taxon/species",Bosnia and Herzegovina,English,multi-label
FAO_037,Preventing and managing aquatic animal disease risks in aquaculture through a progressive management pathway,FAO,2019,Meeting document,aquatic_disease; biosecurity_management; species_taxon_specific,3,"keywords: disease; biosecurity/management keywords: biosecurity, prevention, risk, risk analysis, risk management; field: related_taxon/species",Global,English,multi-label
FAO_038,Risk management practices of small intensive shrimp farmers in the Mekong Delta of Viet Nam,FAO,2019,Technical book,aquatic_disease; biosecurity_management; local_vietnam_khanhhoa; species_taxon_specific,4,"keywords: disease; biosecurity/management keywords: risk, risk management; local keywords/fields: vietnam, viet nam, mekong delta, dong bang song cuu long, ca mau; field: related_taxon/species",Vietnam; Mekong Delta; Bac Lieu; Ben Tre; Ca Mau,English,multi-label
FAO_039,Promotion of Small-scale Shrimp and Prawn Hatcheries in India and Bangladesh - BOBP/REP/66,FAO,1994,Technical book,aquatic_disease; hatchery_seed_production; biosecurity_management; species_taxon_specific,4,"keywords: health; hatchery keywords/fields: hatchery, trai giong; biosecurity/management keywords: health management; field: related_taxon/species",India; Bangladesh,English,multi-label
FAO_040,An assessment of impacts from shrimp aquaculture in Bangladesh and prospects for improvement,FAO,2017,Technical study,marine_aquaculture; environment_water_quality; species_taxon_specific,3,"marine keywords/fields: coastal aquaculture, coastal; environment keywords/fields: water quality, environment, environmental, moi truong; field: related_taxon/species",Bangladesh,English,multi-label
FAO_041,Guidelines for Sustainable Aquaculture,FAO,2025,Guideline,biosecurity_management; environment_water_quality; species_taxon_specific,3,"biosecurity/management keywords: biosecurity; environment keywords/fields: monitoring, moi truong; field: related_taxon/species",Global,English,multi-label
FAO_042_i3720e,The State of World Fisheries and Aquaculture 2024 – Blue Transformation in action,FAO,2024,Flagship report,environment_water_quality; species_taxon_specific,2,environment keywords/fields: climate; field: related_taxon/species,Global,English,multi-label
NACA_001,"Status, technological innovations, and industry development needs of mud crab (Scylla spp.) aquaculture",NACA,2025,Workshop proceedings,hatchery_seed_production; species_taxon_specific,2,hatchery keywords/fields: hatchery; field: related_taxon/species,Singapore; Global,English,multi-label
NACA_002,Shrimp farm biosecurity in Saudi Arabia: A journey from past practices to future vision,NACA,2025,Magazine article,aquatic_disease; hatchery_seed_production; biosecurity_management; environment_water_quality; species_taxon_specific,5,"field: disease/pathogen/symptom/prevention/treatment; hatchery keywords/fields: hatchery, broodstock; biosecurity/management keywords: biosecurity, an toan sinh hoc; environment keywords/fields: monitoring; field: related_taxon/species",Saudi Arabia,English,multi-label
NACA_003,"Report of the fifteenth meeting of the Asia Regional Advisory Group on Aquatic Animal Health, 21-23 November 2016",NACA,2017,Meeting report,aquatic_disease; biosecurity_management; local_vietnam_khanhhoa; species_taxon_specific,4,field: disease/pathogen/symptom/prevention/treatment; biosecurity/management keywords: biosecurity; local keywords/fields: vietnam; field: related_taxon/species,Australia; China; India; Indonesia; Malaysia; Philippines; Thailand; Vietnam,English,multi-label
TCTS_001,Các bệnh thường gặp trên tôm nước lợ và biện pháp phòng chống hiệu quả,TCTS,2026,Web article,aquatic_disease; biosecurity_management; local_vietnam_khanhhoa; species_taxon_specific,4,"field: disease/pathogen/symptom/prevention/treatment; biosecurity/management keywords: biosecurity, prevention; local keywords/fields: vietnam, viet nam; field: related_taxon/species",Vietnam,Vietnamese,multi-label
IJMS_001,Integrin β Regulates the Hepatopancreas Antiviral Innate Immune System by Affecting the Expression of Antimicrobial Peptides in Penaeus vannamei,PMC/journal,2025,Journal article,aquatic_disease; species_taxon_specific,2,field: disease/pathogen/symptom/prevention/treatment; field: related_taxon/species,,English,multi-label
BIOLOGY_001,Characterization and Expression Analysis of the C-Type Lectin Ladderlectin in Litopenaeus vannamei Post-WSSV Infection,PMC/journal,2024,Journal article,aquatic_disease; species_taxon_specific,2,field: disease/pathogen/symptom/prevention/treatment; field: related_taxon/species,,English,multi-label
PLOS_001,"PmVRP15, a Novel Viral Responsive Protein from the Black Tiger Shrimp, Penaeus monodon, Promoted White Spot Syndrome Virus Replication",PMC/journal,2014,Journal article,aquatic_disease; species_taxon_specific,2,field: disease/pathogen/symptom/prevention/treatment; field: related_taxon/species,,English,multi-label
SEAFDEC_001,Acute hepatopancreatic necrosis disease (AHPND)) and hepatopancreatic microsporidiosis (HPM)): Two threats to sustainable shrimp aquaculture,SEAFDEC,2021,Proceedings paper,aquatic_disease; biosecurity_management; species_taxon_specific,3,field: disease/pathogen/symptom/prevention/treatment; biosecurity/management keywords: disease management; field: related_taxon/species,,English,multi-label
SEAFDEC_002,Status of transboundary diseases of penaeid shrimps in Singapore,SEAFDEC,2016,Proceedings paper,aquatic_disease; biosecurity_management; species_taxon_specific,3,"field: disease/pathogen/symptom/prevention/treatment; biosecurity/management keywords: biosecurity, surveillance, kiem soat; field: related_taxon/species",Singapore,English,multi-label
SEAFDEC_003,Important diseases and practical control measures in shrimp culture in Japan,SEAFDEC,2016,Proceedings paper,aquatic_disease; hatchery_seed_production; biosecurity_management; species_taxon_specific,4,"field: disease/pathogen/symptom/prevention/treatment; hatchery keywords/fields: hatchery; biosecurity/management keywords: biosecurity, control measures, kiem soat; field: related_taxon/species",Japan,English,multi-label
SEAFDEC_004,Advocating preventive measures that inhibit early mortality syndrome in shrimps,SEAFDEC,2017,Magazine article,aquatic_disease; biosecurity_management; species_taxon_specific,3,"field: disease/pathogen/symptom/prevention/treatment; biosecurity/management keywords: biosecurity, prevention; field: related_taxon/species",Southeast Asia,Vietnamese,multi-label
SEAFDEC_005,Status of shrimp health management in Myanmar,SEAFDEC,2016,Proceedings paper,aquatic_disease; biosecurity_management; species_taxon_specific,3,"field: disease/pathogen/symptom/prevention/treatment; biosecurity/management keywords: biosecurity, health management, disease management; field: related_taxon/species",Myanmar,English,multi-label
SEAFDEC_006,Status of acute hepatopancreatic necrosis disease (AHPND) of cultured shrimps in the Philippines,SEAFDEC,2016,Proceedings paper,aquatic_disease; biosecurity_management; species_taxon_specific,3,"field: disease/pathogen/symptom/prevention/treatment; biosecurity/management keywords: biosecurity, surveillance, kiem soat; field: related_taxon/species",Philippines,English,multi-label
SEAFDEC_007,"Draft genome sequence of Vibrio parahaemolyticus strain PH1339, which causes acute hepatopancreatic necrosis disease in shrimp in the Philippines",SEAFDEC,2019,Journal article,aquatic_disease; species_taxon_specific,2,field: disease/pathogen/symptom/prevention/treatment; field: related_taxon/species,Philippines,English,multi-label
SEAFDEC_008,Current status and impact of early mortality syndrome (EMS)/acute hepatopancreatic necrosis disease (AHPND) and hepatopancreatic microsporidiosis (HPM) outbreaks on Thailand’s shrimp farming,SEAFDEC,2016,Proceedings paper,aquatic_disease; biosecurity_management; species_taxon_specific,3,field: disease/pathogen/symptom/prevention/treatment; biosecurity/management keywords: biosecurity; field: related_taxon/species,Thailand,English,multi-label
SEAFDEC_009,Current status of acute hepatopancreatic necrosis disease (AHPND) and other transboundary diseases of farmed shrimps in Indonesia,SEAFDEC,2016,Proceedings paper,aquatic_disease; biosecurity_management; species_taxon_specific,3,"field: disease/pathogen/symptom/prevention/treatment; biosecurity/management keywords: biosecurity, kiem soat; field: related_taxon/species",Indonesia,English,multi-label
SEAFDEC_010,Latest research on acute hepatopancreatic necrosis disease (AHPND) of penaeid shrimps,SEAFDEC,2016,Proceedings paper,aquatic_disease; species_taxon_specific,2,field: disease/pathogen/symptom/prevention/treatment; field: related_taxon/species,,English,multi-label
SEAFDEC_011,Current status of acute hepatopancreatic necrosis disease (AHPND) of farmed shrimp in Malaysia,SEAFDEC,2016,Proceedings paper,aquatic_disease; biosecurity_management; species_taxon_specific,3,"field: disease/pathogen/symptom/prevention/treatment; biosecurity/management keywords: biosecurity, kiem soat; field: related_taxon/species",Malaysia,English,multi-label
FAO_042_biosecurity_philippines,Biosecurity in Aquaculture: Philippines,FAO,2018,Workshop presentation,aquatic_disease; hatchery_seed_production; biosecurity_management; species_taxon_specific,4,"keywords: disease, pathogen, health; hatchery keywords/fields: hatchery; biosecurity/management keywords: biosecurity, prevention, risk, risk management; field: related_taxon/species",Philippines,English,multi-label
FAO_043,Boosting biosecurity in Peru’s shrimp farming industry for sustainable livelihoods,FAO,2025,News article,aquatic_disease; biosecurity_management; species_taxon_specific,3,"keywords: disease, health; biosecurity/management keywords: biosecurity, prevention, risk, risk management; field: related_taxon/species",Peru,English,multi-label
TCKHTS_001,"Thực trạng môi trường và dịch bệnh tại vùng nuôi tôm trên cát ở Thạch Hà, Cẩm Xuyên và Nghi Xuân, Hà Tĩnh",Vietnamese journal,2020,Journal article,aquatic_disease; environment_water_quality; local_vietnam_khanhhoa; species_taxon_specific,4,"field: disease/pathogen/symptom/prevention/treatment; environment keywords/fields: environment, moi truong; local keywords/fields: ha tinh, thach ha, cam xuyen, nghi xuan; field: related_taxon/species",Hà Tĩnh; Thạch Hà; Cẩm Xuyên; Nghi Xuân,Vietnamese,multi-label
FAO_044,Report of the FAO/MARD Technical Workshop on Early Mortality Syndrome (EMS) or Acute Hepatopancreatic Necrosis Syndrome (AHPNS) of Cultured Shrimp,FAO,2013,Technical workshop report,aquatic_disease; biosecurity_management; local_vietnam_khanhhoa; species_taxon_specific,4,"field: disease/pathogen/symptom/prevention/treatment; biosecurity/management keywords: biosecurity, disease management; local keywords/fields: vietnam, viet nam; field: related_taxon/species",Hà Nội; Vietnam,English,multi-label
FAO_045,Strengthening Capacity for Dealing with Shrimp Infectious Myonecrosis Virus Disease - TCP/INT/3501,FAO,2019,Factsheet,aquatic_disease; biosecurity_management; species_taxon_specific,3,"field: disease/pathogen/symptom/prevention/treatment; biosecurity/management keywords: biosecurity, surveillance, emergency preparedness; field: related_taxon/species",Brazil; China; Ecuador; Indonesia; Mexico; Thailand,English,multi-label
PMC_001,"Enterocytozoon hepatopenaei Infection in Shrimp: Diagnosis, Interventions, and Food Safety Guidelines",PMC/journal,2023,Journal article,aquatic_disease; biosecurity_management; species_taxon_specific,3,field: disease/pathogen/symptom/prevention/treatment; biosecurity/management keywords: biosecurity; field: related_taxon/species,,English,multi-label
PMC_002,Quantification of Enterocytozoon hepatopenaei (EHP) in Penaeid Shrimps from Southeast Asia and Latin America Using TaqMan Probe-Based Quantitative PCR,PMC/journal,2019,Journal article,aquatic_disease; species_taxon_specific,2,field: disease/pathogen/symptom/prevention/treatment; field: related_taxon/species,Southeast Asia; Latin America,English,multi-label
PMC_003,Ecytonucleospora hepatopenaei (EHP) disease prevalence and mortality in Litopenaeus vannamei: a comparative study from Eastern India shrimp farms,PMC/journal,2024,Journal article,aquatic_disease; species_taxon_specific,2,field: disease/pathogen/symptom/prevention/treatment; field: related_taxon/species,India,English,multi-label
PMC_004,Differential regulation of the eicosanoid biosynthesis pathway in response to Enterocytozoon hepatopenaei infection in Litopenaeus vannamei,PMC/journal,2025,Journal article,aquatic_disease; species_taxon_specific,2,field: disease/pathogen/symptom/prevention/treatment; field: related_taxon/species,,English,multi-label
PMC_005,Ecytonucleospora hepatopenaei causes lipid droplet depletion and imbalanced lipid metabolism in Penaeus vannamei,PMC/journal,2025,Journal article,aquatic_disease; species_taxon_specific,2,field: disease/pathogen/symptom/prevention/treatment; field: related_taxon/species,,English,multi-label
PMC_006,Microbial community characterization of shrimp survivors to AHPND challenge test treated with an effective shrimp probiotic (Vibrio diabolicus),PMC/journal,2021,Journal article,aquatic_disease; biosecurity_management; species_taxon_specific,3,field: disease/pathogen/symptom/prevention/treatment; biosecurity/management keywords: biosecurity; field: related_taxon/species,,English,multi-label
PMC_007,"Effects of Feed Mixed with Lactic Acid Bacteria and Carbon, Nitrogen, Phosphorus Supplied to the Water on the Growth and Survival Rate of White Leg Shrimp (Penaeus vannamei) Infected with Acute Hepatopancreatic Necrosis Disease Caused by Vibrio parahaemolyticus",PMC/journal,2021,Journal article,aquatic_disease; species_taxon_specific,2,field: disease/pathogen/symptom/prevention/treatment; field: related_taxon/species,,English,multi-label
PMC_008,Investigation of the Protective Effect of Probiotic Lactobacillus plantarum Ep-M17 on the Hepatopancreas of Penaeus vannamei,PMC/journal,2024,Journal article,aquatic_disease; species_taxon_specific,2,field: disease/pathogen/symptom/prevention/treatment; field: related_taxon/species,,English,multi-label
PMC_009,Characterization of Microbiome Diversity in the Digestive Tract of Penaeus vannamei Fed with Probiotics and Challenged with Vibrio parahaemolyticus Acute Hepatopancreatic Necrosis Disease,PMC/journal,2025,Journal article,aquatic_disease; species_taxon_specific,2,field: disease/pathogen/symptom/prevention/treatment; field: related_taxon/species,,English,multi-label
PMC_010,A Review of the Functional Annotations of Important Genes in the AHPND-Causing pVA1 Plasmid,PMC/journal,2020,Journal article,aquatic_disease; species_taxon_specific,2,field: disease/pathogen/symptom/prevention/treatment; field: related_taxon/species,,English,multi-label
PMC_011,Structural Insights into the Cytotoxic Mechanism of Vibrio parahaemolyticus PirAvp and PirBvp Toxins,PMC/journal,2017,Journal article,aquatic_disease; species_taxon_specific,2,field: disease/pathogen/symptom/prevention/treatment; field: related_taxon/species,,English,multi-label
PMC_012,Diagnosis and potential treatments for acute hepatopancreatic necrosis disease (AHPND): a review,PMC/journal,2019,Journal article,aquatic_disease; species_taxon_specific,2,field: disease/pathogen/symptom/prevention/treatment; field: related_taxon/species,,English,multi-label
PMC_013,Innovative use of squid (Loligo spp.) ink powder as a potent immunostimulant for vannamei shrimp (Litopenaeus vannamei) in the treatment of infectious myonecrosis,PMC/journal,2025,Journal article,aquatic_disease; species_taxon_specific,2,field: disease/pathogen/symptom/prevention/treatment; field: related_taxon/species,,English,multi-label
PMC_014,"Immune response, gene expression, and intestinal microbial composition of Pacific white shrimp fed with multispecies synbiotic for the prevention of coinfected disease",PMC/journal,2022,Journal article,aquatic_disease; biosecurity_management; species_taxon_specific,3,field: disease/pathogen/symptom/prevention/treatment; biosecurity/management keywords: prevention; field: related_taxon/species,,English,multi-label
PMC_015,"Kiam wood, Cotylelobium lanceotatum, extract as a natural antimicrobial agent: protecting Pacific white shrimp, Penaeus vannamei, against vibriosis",PMC/journal,2025,Journal article,aquatic_disease; species_taxon_specific,2,field: disease/pathogen/symptom/prevention/treatment; field: related_taxon/species,,English,multi-label
PMC_016,Passive Immune-Protection of Litopenaeus vannamei against Vibrio harveyi and Vibrio parahaemolyticus Infections with Anti-Vibrio Egg Yolk (IgY)-Encapsulated Feed,PMC/journal,2016,Journal article,aquatic_disease; species_taxon_specific,2,field: disease/pathogen/symptom/prevention/treatment; field: related_taxon/species,,English,multi-label
PMC_017,Shrimp shape resistance trait against vibriosis by memorizing the colonization resistance of intestinal microbiota,PMC/journal,2024,Journal article,aquatic_disease; species_taxon_specific,2,field: disease/pathogen/symptom/prevention/treatment; field: related_taxon/species,,English,multi-label
PMC_018,Transcriptomic insights into the resistance mechanism of Penaeus vannamei against highly lethal Vibrio parahaemolyticus,PMC/journal,2025,Journal article,aquatic_disease; species_taxon_specific,2,field: disease/pathogen/symptom/prevention/treatment; field: related_taxon/species,,English,multi-label
PMC_019,Isolation and Characterization of Specific Phages to Prepare a Cocktail Preventing Vibrio sp. Va-F3 Infections in Shrimp (Litopenaeus vannamei),PMC/journal,2019,Journal article,aquatic_disease; biosecurity_management; species_taxon_specific,3,field: disease/pathogen/symptom/prevention/treatment; biosecurity/management keywords: kiem soat; field: related_taxon/species,,English,multi-label
PMC_020,Dynamic Interplay of Metabolic and Transcriptional Responses in Shrimp during Early and Late Infection Stages of Enterocytozoon hepatopenaei (EHP),PMC/journal,2023,Journal article,aquatic_disease; species_taxon_specific,2,field: disease/pathogen/symptom/prevention/treatment; field: related_taxon/species,,English,multi-label
PMC_021,The emerging pathogen Enterocytozoon hepatopenaei drives a degenerative cyclic pattern in the hepatopancreas microbiome of the shrimp (Penaeus vannamei),PMC/journal,2022,Journal article,aquatic_disease; species_taxon_specific,2,field: disease/pathogen/symptom/prevention/treatment; field: related_taxon/species,,English,multi-label
PMC_022,Immune signaling of Litopenaeus vannamei c-type lysozyme and its role during microsporidian Enterocytozoon hepatopenaei (EHP) infection,PMC/journal,2024,Journal article,aquatic_disease; species_taxon_specific,2,field: disease/pathogen/symptom/prevention/treatment; field: related_taxon/species,,English,multi-label
PMC_023,A review on molecular detection techniques of white spot syndrome virus: Perspectives of problems and solutions in shrimp farming,PMC/journal,2022,Journal article,aquatic_disease; biosecurity_management; species_taxon_specific,3,field: disease/pathogen/symptom/prevention/treatment; biosecurity/management keywords: biosecurity; field: related_taxon/species,,English,multi-label
PMC_024,Immunostimulants for shrimp aquaculture: paving pathway towards shrimp sustainability,PMC/journal,2022,Journal article,aquatic_disease; biosecurity_management; species_taxon_specific,3,"field: disease/pathogen/symptom/prevention/treatment; biosecurity/management keywords: prevention, phong benh; field: related_taxon/species",,English,multi-label
PMC_025,Occurrence of viral pathogens in Penaeus monodon post-larvae from aquaculture hatcheries,PMC/journal,2015,Journal article,aquatic_disease; hatchery_seed_production; species_taxon_specific,3,"field: disease/pathogen/symptom/prevention/treatment; hatchery keywords/fields: hatchery, larvae, post larvae, trai giong; field: related_taxon/species",India; Kerala,English,multi-label
PMC_026,Las bolitas Syndrome in Penaeus vannamei Hatcheries in Latin America,PMC/journal,2024,Journal article,aquatic_disease; hatchery_seed_production; species_taxon_specific,3,"field: disease/pathogen/symptom/prevention/treatment; hatchery keywords/fields: hatchery, larvae, post larvae, zoea, trai giong; field: related_taxon/species",Latin America,English,multi-label
PMC_027,"Emergence of decapod hepanhamaparvovirus genotype V and its co-infection with Enterocytozoon hepatopenaei in cultured Penaeus vannamei in Thailand: Evidence from epidemiological, pathogenicity, and microbiome analyses",PMC/journal,2025,Journal article,aquatic_disease; species_taxon_specific,2,field: disease/pathogen/symptom/prevention/treatment; field: related_taxon/species,Thailand,English,multi-label
PMC_028,"Microbiome of Pacific Whiteleg shrimp reveals differential bacterial community composition between Wild, Aquacultured and AHPND/EMS outbreak conditions",PMC/journal,2017,Journal article,aquatic_disease; species_taxon_specific,2,field: disease/pathogen/symptom/prevention/treatment; field: related_taxon/species,,English,multi-label
PMC_029,Selection of Lactic Acid Bacteria (LAB) Antagonizing Vibrio parahaemolyticus: The Pathogen of Acute Hepatopancreatic Necrosis Disease (AHPND) in Whiteleg Shrimp (Penaeus vannamei),PMC/journal,2019,Journal article,aquatic_disease; species_taxon_specific,2,field: disease/pathogen/symptom/prevention/treatment; field: related_taxon/species,,English,multi-label
PMC_030,Microbial signature profiles of Penaeus vannamei larvae in low-survival hatchery tanks affected by vibriosis,PMC/journal,2023,Journal article,aquatic_disease; hatchery_seed_production; species_taxon_specific,3,"field: disease/pathogen/symptom/prevention/treatment; hatchery keywords/fields: hatchery, larvae, zoea, trai giong; field: related_taxon/species",,English,multi-label
PMC_031,"Vibrios Associated with Litopenaeus vannamei Larvae, Postlarvae, Broodstock, and Hatchery Probiotics",PMC/journal,1999,Journal article,aquatic_disease; hatchery_seed_production; species_taxon_specific,3,"field: disease/pathogen/symptom/prevention/treatment; hatchery keywords/fields: hatchery, larvae, postlarvae, broodstock, trai giong; field: related_taxon/species",Ecuador; Mexico,English,multi-label
PMC_032,"Isolation, characterization, and pathogenicity of a Vibrio parahaemolyticus strain causing translucent post-larvae disease in Penaeus vannamei outside China",PMC/journal,2025,Journal article,aquatic_disease; hatchery_seed_production; biosecurity_management; species_taxon_specific,4,"field: disease/pathogen/symptom/prevention/treatment; hatchery keywords/fields: hatchery, larvae, post larvae; biosecurity/management keywords: biosecurity; field: related_taxon/species",,English,multi-label
PMC_033,Delineating virulence of Vibrio campbellii: a predominant luminescent bacterial pathogen in Indian shrimp hatcheries,PMC/journal,2021,Journal article,aquatic_disease; hatchery_seed_production; species_taxon_specific,3,"field: disease/pathogen/symptom/prevention/treatment; hatchery keywords/fields: hatchery, larvae, trai giong; field: related_taxon/species",India,English,multi-label
PMC_034,Genome Characterization and Infectivity Potential of Vibriophage-φLV6 with Lytic Activity against Luminescent Vibrios of Penaeus vannamei Shrimp Aquaculture,PMC/journal,2023,Journal article,aquatic_disease; hatchery_seed_production; species_taxon_specific,3,"field: disease/pathogen/symptom/prevention/treatment; hatchery keywords/fields: hatchery, larvae, post larvae; field: related_taxon/species",India,English,multi-label
PMC_035,Advanced Pathogen Monitoring in Penaeus vannamei from Three Latin American Regions: Passive Surveillance Part 2,PMC/journal,2025,Journal article,aquatic_disease; biosecurity_management; environment_water_quality; species_taxon_specific,4,field: disease/pathogen/symptom/prevention/treatment; biosecurity/management keywords: surveillance; environment keywords/fields: monitoring; field: related_taxon/species,Latin America,English,multi-label
PMC_036,Microbiome of Penaeus vannamei Larvae and Potential Biomarkers Associated With High and Low Survival in Shrimp Hatchery Tanks Affected by Acute Hepatopancreatic Necrosis Disease,PMC/journal,2022,Journal article,aquatic_disease; hatchery_seed_production; species_taxon_specific,3,"field: disease/pathogen/symptom/prevention/treatment; hatchery keywords/fields: hatchery, larvae, trai giong; field: related_taxon/species",,English,multi-label
RIA3_001,Quy hoạch nuôi tôm hùm đến năm 2020 và định hướng đến 2030,RIA3,2015,Planning report,marine_aquaculture; local_vietnam_khanhhoa; species_taxon_specific,3,"marine keywords/fields: marine aquaculture, lobster, nuoi bien, long be, cam ranh; local keywords/fields: viet nam, khanh hoa, cam ranh, van ninh; field: related_taxon/species",Khánh Hòa; Việt Nam; ven biển Khánh Hòa; Vịnh Văn Phong; Vạn Ninh; Xuân Tự; Cam Ranh; Vịnh Cam Ranh,Vietnamese,multi-label
TB_001,Giải pháp an toàn sinh học trong nuôi tôm,TB,2014,Training/technical presentation,aquatic_disease; hatchery_seed_production; biosecurity_management; local_vietnam_khanhhoa; species_taxon_specific,5,"field: disease/pathogen/symptom/prevention/treatment; hatchery keywords/fields: hatchery, trai giong; biosecurity/management keywords: biosecurity, an toan sinh hoc; local keywords/fields: viet nam; field: related_taxon/species",Việt Nam,Vietnamese,multi-label
TB_002,"Công nghệ gen và chọn giống tôm kháng bệnh, tiềm năng và thách thức",TB,2025,Technical article,aquatic_disease; biosecurity_management; species_taxon_specific,3,field: disease/pathogen/symptom/prevention/treatment; biosecurity/management keywords: biosecurity; field: related_taxon/species,,Vietnamese,multi-label
TB_003,Cơ chế cơ bản của nhiễm đơn lẻ và đồng nhiễm DIV1 và WSSV ở tôm thẻ chân trắng,TB,2025,Technical article,aquatic_disease; species_taxon_specific,2,field: disease/pathogen/symptom/prevention/treatment; field: related_taxon/species,,Vietnamese,multi-label
TB_004,Mối tương tác vật chủ-bệnh nguyên động và các mục tiêu kháng vi-rút tiềm năng trong quá trình nhiễm vi-rút hoại tử cơ ở tôm thẻ chân trắng,TB,2025,Technical article,aquatic_disease; species_taxon_specific,2,field: disease/pathogen/symptom/prevention/treatment; field: related_taxon/species,,Vietnamese,multi-label
TB_005,"Sự hiện diện của bệnh đốm trắng, hoại tử gan tụy cấp và vi bào tử trùng trên tôm giống và tôm nuôi thương phẩm tại một số tỉnh khu vực ĐBSCL từ năm 2022-2024",TB,2025,Technical article,aquatic_disease; hatchery_seed_production; local_vietnam_khanhhoa; species_taxon_specific,4,"field: disease/pathogen/symptom/prevention/treatment; hatchery keywords/fields: tom giong; local keywords/fields: dbscl, dong bang song cuu long; field: related_taxon/species",Đồng bằng sông Cửu Long,Vietnamese,multi-label
TB_006,Hoại tử cơ (IMNV) trên tôm và chiến lược kiểm soát,TB,2019,Technical article,aquatic_disease; hatchery_seed_production; biosecurity_management; species_taxon_specific,4,"field: disease/pathogen/symptom/prevention/treatment; hatchery keywords/fields: pl, trai giong; biosecurity/management keywords: biosecurity, kiem soat; field: related_taxon/species",,Vietnamese,multi-label
TB_007,Bệnh đốm trắng ở tôm nuôi và công nghệ nuôi tôm nhằm phòng bệnh đốm trắng,TB,2017,Technical article,aquatic_disease; biosecurity_management; species_taxon_specific,3,"field: disease/pathogen/symptom/prevention/treatment; biosecurity/management keywords: biosecurity, phong benh; field: related_taxon/species",,Vietnamese,multi-label
VJMST_001,"Hiện trạng nuôi trồng và khai thác thủy sản tại đầm Thủy Triều huyện Cam Lâm, tỉnh Khánh Hòa",Vietnamese journal,2013,Journal article,marine_aquaculture; local_vietnam_khanhhoa; species_taxon_specific,3,"marine keywords/fields: coastal; local keywords/fields: viet nam, khanh hoa; field: related_taxon/species",đầm Thủy Triều; Cam Lâm; Khánh Hòa; Việt Nam,Vietnamese,multi-label
KNQG_001,"Phát triển nuôi cá lồng bè trên biển bền vững, thích ứng biến đổi khí hậu",Trung tâm Khuyến nông Quốc gia,2022,Technical report,marine_aquaculture; local_vietnam_khanhhoa; species_taxon_specific,3,"marine keywords/fields: marine aquaculture, cage culture, nuoi bien, long be; local keywords/fields: viet nam, khanh hoa, nam trung bo; field: related_taxon/species",Khánh Hòa; Việt Nam; Nam Trung Bộ,Vietnamese,multi-label
YERSIN_001,Đánh giá tính bền vững nghề nuôi tôm tại huyện Ninh Hòa - tỉnh Khánh Hòa,Vietnamese journal,2022,Journal article,environment_water_quality; local_vietnam_khanhhoa; species_taxon_specific,3,"environment keywords/fields: moi truong; local keywords/fields: viet nam, khanh hoa; field: related_taxon/species",Ninh Hòa; Khánh Hòa; Việt Nam,Vietnamese,multi-label
JFST_001,"Nuôi cá chẽm (Lates calcarifer, Bloch, 1790) thương phẩm trong hệ thống “sông trong ao” tại Khánh Hòa",Vietnamese journal,2024,Journal article,environment_water_quality; local_vietnam_khanhhoa; species_taxon_specific,3,"environment keywords/fields: pond, moi truong; local keywords/fields: viet nam, khanh hoa; field: related_taxon/species",Khánh Hòa; Việt Nam,Vietnamese,multi-label
CTU_001,Kỹ thuật sản xuất giống và nuôi giáp xác,Nhà xuất bản Đại học Cần Thơ,2017,Textbook,hatchery_seed_production; local_vietnam_khanhhoa; species_taxon_specific,3,"hatchery keywords/fields: hatchery, seed production; local keywords/fields: viet nam; field: related_taxon/species",Việt Nam,Vietnamese,multi-label
TCKHTS_002,"Mô hình phòng, trị bệnh sữa, bệnh đỏ thân trên tôm hùm nuôi lồng tại các tỉnh Nam Trung Bộ",Vietnamese journal,2021,Journal article,aquatic_disease; marine_aquaculture; biosecurity_management; local_vietnam_khanhhoa; species_taxon_specific,5,"field: disease/pathogen/symptom/prevention/treatment; marine keywords/fields: marine aquaculture, cage culture, lobster; biosecurity/management keywords: prevention, phong benh; local keywords/fields: viet nam, khanh hoa, phu yen, binh dinh, nam trung bo; field: related_taxon/species",Bình Định; Phú Yên; Khánh Hòa; Nam Trung Bộ; Việt Nam,Vietnamese,multi-label
TCTS_002,Quy trình kiểm soát Rickettsia-like bacteria (RLB) gây bệnh sữa trên tôm hùm (Panulirus spp.) nuôi lồng,TCTS,2023,Technical guideline,aquatic_disease; marine_aquaculture; biosecurity_management; local_vietnam_khanhhoa; species_taxon_specific,5,"field: disease/pathogen/symptom/prevention/treatment; marine keywords/fields: marine aquaculture, cage culture, lobster; biosecurity/management keywords: prevention, phong benh, kiem soat; local keywords/fields: viet nam, khanh hoa, nha trang; field: related_taxon/species",Nha Trang; Khánh Hòa; Việt Nam,Vietnamese,multi-label
HUIB_001,Khả năng hình thành màng sinh học và tính kháng kháng sinh của Vibrio parahaemolyticus phân lập từ tôm hùm Panulirus spp. nuôi,Hội nghị Công nghệ Sinh học toàn quốc 2020,2020,Conference paper,aquatic_disease; marine_aquaculture; biosecurity_management; local_vietnam_khanhhoa; species_taxon_specific,5,"field: disease/pathogen/symptom/prevention/treatment; marine keywords/fields: marine aquaculture, cage culture, lobster; biosecurity/management keywords: risk; local keywords/fields: viet nam, khanh hoa; field: related_taxon/species",Bình Ba; Khánh Hòa; Việt Nam,Vietnamese,multi-label
KKTY_001,Tỷ lệ nhiễm và mức độ mẫn cảm kháng sinh của vi khuẩn Vibrio parahaemolyticus phân lập từ tôm hùm bông (Panulirus ornatus) nuôi lồng ở vùng biển tỉnh Phú Yên,Vietnamese journal,2016,Journal article,aquatic_disease; marine_aquaculture; biosecurity_management; local_vietnam_khanhhoa; species_taxon_specific,5,"field: disease/pathogen/symptom/prevention/treatment; marine keywords/fields: marine aquaculture, cage culture, lobster; biosecurity/management keywords: risk; local keywords/fields: viet nam, khanh hoa, phu yen; field: related_taxon/species",Cù Mông; Xuân Đài; An Chấn; Phú Yên; Việt Nam,Vietnamese,multi-label
TCKHTS_003,Tình hình cung cấp con giống tôm hùm bông (Panulirus ornatus) ở Việt Nam: hiện trạng và trở ngại,Vietnamese journal,2022,Journal article,marine_aquaculture; hatchery_seed_production; local_vietnam_khanhhoa; species_taxon_specific,4,"marine keywords/fields: marine aquaculture, lobster, cam ranh; hatchery keywords/fields: nursery; local keywords/fields: viet nam, khanh hoa, nha trang, cam ranh, phu yen; field: related_taxon/species",Việt Nam; Khánh Hòa; Nha Trang; Ninh Hòa; Cam Ranh; Phú Yên; Bình Định,Vietnamese,multi-label
KNQG_002,Kỹ thuật nuôi tôm hùm lồng và các biện pháp phòng trị bệnh,Trung tâm Khuyến ngư Quốc gia,2006,Technical manual,aquatic_disease; marine_aquaculture; biosecurity_management; environment_water_quality; local_vietnam_khanhhoa; species_taxon_specific,6,"field: disease/pathogen/symptom/prevention/treatment; marine keywords/fields: marine aquaculture, cage culture, lobster; biosecurity/management keywords: prevention, phong benh; environment keywords/fields: moi truong; local keywords/fields: viet nam, khanh hoa, nam trung bo; field: related_taxon/species",Việt Nam; Nam Trung Bộ; Khánh Hòa,Vietnamese,multi-label
CTU_JOURNAL_001,Phân tích hiệu quả sản xuất các mô hình nuôi tôm thẻ chân trắng và tôm sú thâm canh ở tỉnh Ninh Thuận,Vietnamese journal,2014,Journal article,local_vietnam_khanhhoa; species_taxon_specific,2,"local keywords/fields: viet nam, khanh hoa, ninh thuan; field: related_taxon/species",Ninh Thuận; Việt Nam,Vietnamese,multi-label
CTU_JOURNAL_002,Phân tích hiệu quả kỹ thuật và tài chính của mô hình nuôi tôm thẻ chân trắng ở tỉnh Cà Mau,Vietnamese journal,2015,Journal article,local_vietnam_khanhhoa; species_taxon_specific,2,"local keywords/fields: viet nam, khanh hoa, ca mau; field: related_taxon/species",Cà Mau; Việt Nam,Vietnamese,multi-label
TCKHTS_004,"Thực trạng, tiềm năng và giải pháp phát triển nuôi tôm trên cát ở khu vực miền Trung",Vietnamese journal,2018,Journal article,aquatic_disease; marine_aquaculture; environment_water_quality; local_vietnam_khanhhoa; species_taxon_specific,5,"field: disease/pathogen/symptom/prevention/treatment; marine keywords/fields: coastal aquaculture, coastal; environment keywords/fields: moi truong; local keywords/fields: viet nam, khanh hoa; field: related_taxon/species",miền Trung; Việt Nam; vùng ven biển miền Trung,Vietnamese,multi-label
VAP_001,Ô nhiễm môi trường trầm tích vùng nuôi và rủi ro đối với hoạt động nuôi lồng bè ven biển Nam Trung Bộ,Kỷ yếu Hội nghị Nghiên cứu cơ bản trong Khoa học Trái đất và Môi trường,2019,Conference paper,marine_aquaculture; biosecurity_management; environment_water_quality; local_vietnam_khanhhoa; species_taxon_specific,5,"marine keywords/fields: marine aquaculture, cage culture, lobster, coastal aquaculture, coastal; biosecurity/management keywords: risk; environment keywords/fields: environmental, monitoring, moi truong; local keywords/fields: viet nam, nam trung bo; field: related_taxon/species",Nam Trung Bộ; Việt Nam; vùng ven biển Nam Trung Bộ,Vietnamese,multi-label
VAWRE_001,Nghiên cứu biến động và giải pháp kiểm soát chất lượng môi trường vùng nuôi tôm tập trung tại Quảng Ninh,Viện Khoa học Thủy lợi Việt Nam,2022,Thesis,biosecurity_management; environment_water_quality; local_vietnam_khanhhoa; species_taxon_specific,4,"biosecurity/management keywords: kiem soat; environment keywords/fields: environmental, monitoring, quan trac, moi truong; local keywords/fields: viet nam, khanh hoa; field: related_taxon/species",Quảng Ninh; Việt Nam,Vietnamese,multi-label
TCKHTS_005,Tổng quan Decapod iridescent virus 1 (DIV1) gây bệnh ở tôm,Vietnamese journal,2021,Journal article,aquatic_disease; local_vietnam_khanhhoa; species_taxon_specific,3,field: disease/pathogen/symptom/prevention/treatment; local keywords/fields: viet nam; field: related_taxon/species,Việt Nam; Trung Quốc; Thái Lan; Ấn Độ Dương; Đài Loan,Vietnamese,multi-label
VJAS_001,Nghiên cứu bệnh vi bào tử trùng Enterocytozoon hepatopenaei (EHP) trên tôm thẻ chân trắng nuôi tại Quảng Ninh và Nam Định,Vietnamese journal,2023,Journal article,aquatic_disease; local_vietnam_khanhhoa; species_taxon_specific,3,field: disease/pathogen/symptom/prevention/treatment; local keywords/fields: viet nam; field: related_taxon/species,Quảng Ninh; Nam Định; miền Bắc Việt Nam; Việt Nam,Vietnamese,multi-label
TNU_JST_001,Điều tra độc lực của vi khuẩn Vibrio parahaemolyticus gây bệnh trên tôm thẻ chân trắng,TNU Journal of Science and Technology,2025,Journal article,aquatic_disease; local_vietnam_khanhhoa; species_taxon_specific,3,field: disease/pathogen/symptom/prevention/treatment; local keywords/fields: viet nam; field: related_taxon/species,Việt Nam,Vietnamese,multi-label
MDPI_001,"Prevalence of Vibrio parahaemolyticus Causing Acute Hepatopancreatic Necrosis Disease of Shrimp in Shrimp, Molluscan Shellfish and Water Samples in the Mekong Delta, Vietnam",PMC/journal,2020,Journal article,aquatic_disease; biosecurity_management; environment_water_quality; local_vietnam_khanhhoa; species_taxon_specific,5,"field: disease/pathogen/symptom/prevention/treatment; biosecurity/management keywords: risk; environment keywords/fields: pond; local keywords/fields: vietnam, viet nam, mekong delta, dong bang song cuu long; field: related_taxon/species",Mekong Delta; Vietnam,English,multi-label
AAF_001,Characteristics and diversity of Vibrio parahaemolyticus causing acute hepatopancreatic necrosis disease in Vietnam,Aquaculture and Fisheries,2025,Journal article,aquatic_disease; local_vietnam_khanhhoa; species_taxon_specific,3,"field: disease/pathogen/symptom/prevention/treatment; local keywords/fields: vietnam, viet nam; field: related_taxon/species",Vietnam,English,multi-label
DLU_002,Nghiên cứu sự nhiễm vi rút đốm trắng (WSSV) ở tôm càng (Macrobrachium nipponense) và khả năng lan truyền bệnh sang tôm thẻ chân trắng (Litopenaeus vannamei),Thư viện số Trường Đại học Đà Lạt,2017,Journal article,aquatic_disease; local_vietnam_khanhhoa; species_taxon_specific,3,field: disease/pathogen/symptom/prevention/treatment; local keywords/fields: viet nam; field: related_taxon/species,Việt Nam,Vietnamese,multi-label
VJMST_003,Đánh giá sức tải môi trường vực nước Thủy Triều - Cam Ranh,Vietnamese journal,2013,Journal article,marine_aquaculture; environment_water_quality; local_vietnam_khanhhoa; species_taxon_specific,4,"marine keywords/fields: coastal, cam ranh; environment keywords/fields: environmental, moi truong; local keywords/fields: viet nam, khanh hoa, cam ranh; field: related_taxon/species",Thủy Triều; Cam Ranh; Khánh Hòa; Việt Nam,Vietnamese,multi-label
TCKHTS_006,Phân lập và định danh vi khuẩn Photobacterium damselae gây bệnh trên cá chim vây vàng tại Khánh Hòa bằng phương pháp sinh hóa và phân tử,Vietnamese journal,2025,Journal article,aquatic_disease; marine_aquaculture; local_vietnam_khanhhoa; species_taxon_specific,4,"field: disease/pathogen/symptom/prevention/treatment; marine keywords/fields: cage culture, marine fish; local keywords/fields: viet nam, khanh hoa; field: related_taxon/species",Khánh Hòa; Việt Nam,Vietnamese,multi-label
TCKHTS_007,Một số đặc điểm sinh học của vi khuẩn Vibrio harveyi gây bệnh xuất huyết lở loét ở cá chẽm nuôi tại Khánh Hòa,Vietnamese journal,2022,Journal article,aquatic_disease; marine_aquaculture; local_vietnam_khanhhoa; species_taxon_specific,4,"field: disease/pathogen/symptom/prevention/treatment; marine keywords/fields: cage culture, marine fish, van ninh; local keywords/fields: viet nam, khanh hoa, van ninh; field: related_taxon/species",Vạn Ninh; Khánh Hòa; Việt Nam,Vietnamese,multi-label
CTU_JOURNAL_003,Hiện trạng nhiễm ký sinh trùng trên cá bớp (Rachycentron canadum) nuôi lồng ở tỉnh Kiên Giang,Vietnamese journal,2017,Journal article,aquatic_disease; marine_aquaculture; local_vietnam_khanhhoa; species_taxon_specific,4,"field: disease/pathogen/symptom/prevention/treatment; marine keywords/fields: cage culture, marine fish; local keywords/fields: viet nam, khanh hoa; field: related_taxon/species",Kiên Giang; Phú Quốc; Tiên Hải; Hòn Nghệ; Nam Du; Việt Nam,Vietnamese,multi-label
CTU_002,Kỹ thuật sản xuất giống và nuôi cá biển,Nhà xuất bản Đại học Cần Thơ,2017,Textbook,marine_aquaculture; hatchery_seed_production; local_vietnam_khanhhoa; species_taxon_specific,4,"marine keywords/fields: marine aquaculture, marine fish, nuoi bien; hatchery keywords/fields: hatchery, seed production; local keywords/fields: viet nam; field: related_taxon/species",Việt Nam,Vietnamese,multi-label
VJAS_002,Tổng quan về bệnh do vi khuẩn Streptococcus iniae gây ra trên cá biển,Vietnamese journal,2025,Journal article,aquatic_disease; marine_aquaculture; biosecurity_management; local_vietnam_khanhhoa; species_taxon_specific,5,"field: disease/pathogen/symptom/prevention/treatment; marine keywords/fields: cage culture, marine fish; biosecurity/management keywords: kiem soat; local keywords/fields: viet nam; field: related_taxon/species",Việt Nam,Vietnamese,multi-label
TCKHTS_008,Bệnh mù mắt do liên cầu khuẩn gây ra ở cá bớp nuôi tại Khánh Hòa,Vietnamese journal,2018,Journal article,aquatic_disease; marine_aquaculture; local_vietnam_khanhhoa; species_taxon_specific,4,"field: disease/pathogen/symptom/prevention/treatment; marine keywords/fields: cage culture, marine fish; local keywords/fields: viet nam, khanh hoa; field: related_taxon/species",Khánh Hòa; Việt Nam,Vietnamese,multi-label
TCKHTS_009,"Nghiên cứu mối quan hệ phát sinh loài của sán lá song chủ ký sinh trên cá chẽm (Lates calcarifer Bloch, 1790) nuôi tại Khánh Hòa",Vietnamese journal,2017,Journal article,aquatic_disease; marine_aquaculture; local_vietnam_khanhhoa; species_taxon_specific,4,"field: disease/pathogen/symptom/prevention/treatment; marine keywords/fields: marine fish; local keywords/fields: viet nam, khanh hoa; field: related_taxon/species",Khánh Hòa; Việt Nam,Vietnamese,multi-label
