"source_path","proposed_archive_path","action_status","result","message"
"__pycache__/analyze_ontology_alias_gaps.cpython-313.pyc","archive_pre_final/temp_cache/__pycache__/analyze_ontology_alias_gaps.cpython-313.pyc","ready_to_move","moved","Moved successfully."
"__pycache__/audit_document_fact_coverage.cpython-313.pyc","archive_pre_final/temp_cache/__pycache__/audit_document_fact_coverage.cpython-313.pyc","ready_to_move","moved","Moved successfully."
"__pycache__/backfill_document_facts_from_metadata.cpython-313.pyc","archive_pre_final/temp_cache/__pycache__/backfill_document_facts_from_metadata.cpython-313.pyc","ready_to_move","moved","Moved successfully."
"__pycache__/enrich_ontology_aliases.cpython-313.pyc","archive_pre_final/temp_cache/__pycache__/enrich_ontology_aliases.cpython-313.pyc","ready_to_move","moved","Moved successfully."
"__pycache__/hybrid_search.cpython-313.pyc","archive_pre_final/temp_cache/__pycache__/hybrid_search.cpython-313.pyc","ready_to_move","moved","Moved successfully."
"__pycache__/kg_runtime.cpython-313.pyc","archive_pre_final/temp_cache/__pycache__/kg_runtime.cpython-313.pyc","ready_to_move","moved","Moved successfully."
"__pycache__/run_core_baselines.cpython-313.pyc","archive_pre_final/temp_cache/__pycache__/run_core_baselines.cpython-313.pyc","ready_to_move","moved","Moved successfully."
"__pycache__/semantic_normalization.cpython-313.pyc","archive_pre_final/temp_cache/__pycache__/semantic_normalization.cpython-313.pyc","ready_to_move","moved","Moved successfully."
"__pycache__/sync_metadata_to_owl.cpython-313.pyc","archive_pre_final/temp_cache/__pycache__/sync_metadata_to_owl.cpython-313.pyc","ready_to_move","moved","Moved successfully."
"__pycache__/vector_search.cpython-313.pyc","archive_pre_final/temp_cache/__pycache__/vector_search.cpython-313.pyc","ready_to_move","moved","Moved successfully."
"__pycache__/verify_kg_runtime.cpython-313.pyc","archive_pre_final/temp_cache/__pycache__/verify_kg_runtime.cpython-313.pyc","ready_to_move","moved","Moved successfully."
"build_imn_lobster_comparison.py","archive_pre_final/old_debug_scripts/build_imn_lobster_comparison.py","ready_to_move","moved","Moved successfully."
"build_weak_query_comparison.py","archive_pre_final/old_debug_scripts/build_weak_query_comparison.py","ready_to_move","moved","Moved successfully."
"capture_focus_two_queries.py","archive_pre_final/old_debug_scripts/capture_focus_two_queries.py","ready_to_move","moved","Moved successfully."
"capture_focus_two_queries_round2.py","archive_pre_final/old_debug_scripts/capture_focus_two_queries_round2.py","ready_to_move","moved","Moved successfully."
"capture_weak_queries.py","archive_pre_final/old_debug_scripts/capture_weak_queries.py","ready_to_move","moved","Moved successfully."
"data/metadata/archive/document_metadata.xlsx.bak_20260330_212917","archive_pre_final/already_archived/data/metadata/archive/document_metadata.xlsx.bak_20260330_212917","ready_to_move","moved","Moved successfully."
"data/metadata/archive/document_metadata_cleaned_before_round2A.xlsx","archive_pre_final/already_archived/data/metadata/archive/document_metadata_cleaned_before_round2A.xlsx","ready_to_move","moved","Moved successfully."
"data/metadata/archive/document_metadata_cleaned_before_round4.xlsx","archive_pre_final/already_archived/data/metadata/archive/document_metadata_cleaned_before_round4.xlsx","ready_to_move","moved","Moved successfully."
"data/ontology/archive/manual_cleanup_202606/mapping_report_round8_facts_v2.csv","archive_pre_final/already_archived/data/ontology/archive/manual_cleanup_202606/mapping_report_round8_facts_v2.csv","ready_to_move","moved","Moved successfully."
"data/ontology/archive/manual_cleanup_202606/mapping_report_round8_taxonowl.csv","archive_pre_final/already_archived/data/ontology/archive/manual_cleanup_202606/mapping_report_round8_taxonowl.csv","ready_to_move","moved","Moved successfully."
"data/ontology/archive/manual_cleanup_202606/taxon.owl.bak_20260418_231237","archive_pre_final/already_archived/data/ontology/archive/manual_cleanup_202606/taxon.owl.bak_20260418_231237","ready_to_move","moved","Moved successfully."
"data/ontology/archive/manual_cleanup_202606/taxon.owl.bak_round6_location_enrichment","archive_pre_final/already_archived/data/ontology/archive/manual_cleanup_202606/taxon.owl.bak_round6_location_enrichment","ready_to_move","moved","Moved successfully."
"data/ontology/archive/manual_cleanup_202606/taxon.owl.bak_round7_camranh_disambiguation","archive_pre_final/already_archived/data/ontology/archive/manual_cleanup_202606/taxon.owl.bak_round7_camranh_disambiguation","ready_to_move","moved","Moved successfully."
"data/ontology/archive/manual_cleanup_202606/taxon.owl.bak_round8_before_sync","archive_pre_final/already_archived/data/ontology/archive/manual_cleanup_202606/taxon.owl.bak_round8_before_sync","ready_to_move","moved","Moved successfully."
"data/ontology/archive/manual_cleanup_202606/taxon_enriched_facts_v2.owl.bak_20260418_231244","archive_pre_final/already_archived/data/ontology/archive/manual_cleanup_202606/taxon_enriched_facts_v2.owl.bak_20260418_231244","ready_to_move","moved","Moved successfully."
"data/ontology/archive/manual_cleanup_202606/taxon_enriched_facts_v2.owl.bak_round6_location_enrichment","archive_pre_final/already_archived/data/ontology/archive/manual_cleanup_202606/taxon_enriched_facts_v2.owl.bak_round6_location_enrichment","ready_to_move","moved","Moved successfully."
"data/ontology/archive/manual_cleanup_202606/taxon_enriched_facts_v2.owl.bak_round7_camranh_disambiguation","archive_pre_final/already_archived/data/ontology/archive/manual_cleanup_202606/taxon_enriched_facts_v2.owl.bak_round7_camranh_disambiguation","ready_to_move","moved","Moved successfully."
"data/ontology/archive/manual_cleanup_202606/taxon_enriched_facts_v2.owl.bak_round8_before_sync","archive_pre_final/already_archived/data/ontology/archive/manual_cleanup_202606/taxon_enriched_facts_v2.owl.bak_round8_before_sync","ready_to_move","moved","Moved successfully."
"dump_six_queries.py","archive_pre_final/old_debug_scripts/dump_six_queries.py","ready_to_move","moved","Moved successfully."
"generate_semantic_rule_candidates.py","archive_pre_final/old_semantic_rule_prototype/generate_semantic_rule_candidates.py","ready_to_move","moved","Moved successfully."
"hybrid_comparison.csv","archive_pre_final/old_debug_scripts/hybrid_comparison.csv","ready_to_move","moved","Moved successfully."
"hybrid_results.txt","archive_pre_final/old_debug_scripts/hybrid_results.txt","ready_to_move","moved","Moved successfully."
"metadata_snapshot.txt","archive_pre_final/old_debug_scripts/metadata_snapshot.txt","ready_to_move","moved","Moved successfully."
"outputs/archive/manual_cleanup_202606/tmp_tb007_debug.json","archive_pre_final/already_archived/outputs/archive/manual_cleanup_202606/tmp_tb007_debug.json","ready_to_move","moved","Moved successfully."
"outputs/archive/old_outputs/added_triples_grouped_summary.json","archive_pre_final/already_archived/outputs/archive/old_outputs/added_triples_grouped_summary.json","ready_to_move","moved","Moved successfully."
"outputs/archive/old_outputs/added_triples_sample.json","archive_pre_final/already_archived/outputs/archive/old_outputs/added_triples_sample.json","ready_to_move","moved","Moved successfully."
"outputs/archive/old_outputs/alias_metadata_noise_audit.json","archive_pre_final/already_archived/outputs/archive/old_outputs/alias_metadata_noise_audit.json","ready_to_move","moved","Moved successfully."
"outputs/archive/old_outputs/alias_metadata_noise_audit_top_terms.csv","archive_pre_final/already_archived/outputs/archive/old_outputs/alias_metadata_noise_audit_top_terms.csv","ready_to_move","moved","Moved successfully."
"outputs/archive/old_outputs/document_fact_backfill_report.csv","archive_pre_final/already_archived/outputs/archive/old_outputs/document_fact_backfill_report.csv","ready_to_move","moved","Moved successfully."
"outputs/archive/old_outputs/document_fact_backfill_report.json","archive_pre_final/already_archived/outputs/archive/old_outputs/document_fact_backfill_report.json","ready_to_move","moved","Moved successfully."
"outputs/archive/old_outputs/document_fact_backfill_report_facts.csv","archive_pre_final/already_archived/outputs/archive/old_outputs/document_fact_backfill_report_facts.csv","ready_to_move","moved","Moved successfully."
"outputs/archive/old_outputs/document_fact_backfill_report_facts.json","archive_pre_final/already_archived/outputs/archive/old_outputs/document_fact_backfill_report_facts.json","ready_to_move","moved","Moved successfully."
"outputs/archive/old_outputs/document_fact_coverage_audit.csv","archive_pre_final/already_archived/outputs/archive/old_outputs/document_fact_coverage_audit.csv","ready_to_move","moved","Moved successfully."
"outputs/archive/old_outputs/document_fact_coverage_audit.json","archive_pre_final/already_archived/outputs/archive/old_outputs/document_fact_coverage_audit.json","ready_to_move","moved","Moved successfully."
"outputs/archive/old_outputs/document_fact_coverage_audit_after_fact_backfill.csv","archive_pre_final/already_archived/outputs/archive/old_outputs/document_fact_coverage_audit_after_fact_backfill.csv","ready_to_move","moved","Moved successfully."
"outputs/archive/old_outputs/document_fact_coverage_audit_after_fact_backfill.json","archive_pre_final/already_archived/outputs/archive/old_outputs/document_fact_coverage_audit_after_fact_backfill.json","ready_to_move","moved","Moved successfully."
"outputs/archive/old_outputs/document_fact_coverage_audit_after_semantic_backfill.csv","archive_pre_final/already_archived/outputs/archive/old_outputs/document_fact_coverage_audit_after_semantic_backfill.csv","ready_to_move","moved","Moved successfully."
"outputs/archive/old_outputs/document_fact_coverage_audit_after_semantic_backfill.json","archive_pre_final/already_archived/outputs/archive/old_outputs/document_fact_coverage_audit_after_semantic_backfill.json","ready_to_move","moved","Moved successfully."
"outputs/archive/old_outputs/document_fact_coverage_audit_alias.csv","archive_pre_final/already_archived/outputs/archive/old_outputs/document_fact_coverage_audit_alias.csv","ready_to_move","moved","Moved successfully."
"outputs/archive/old_outputs/document_fact_coverage_audit_alias.json","archive_pre_final/already_archived/outputs/archive/old_outputs/document_fact_coverage_audit_alias.json","ready_to_move","moved","Moved successfully."
"outputs/archive/old_outputs/document_fact_coverage_audit_before_fact_backfill.csv","archive_pre_final/already_archived/outputs/archive/old_outputs/document_fact_coverage_audit_before_fact_backfill.csv","ready_to_move","moved","Moved successfully."
"outputs/archive/old_outputs/document_fact_coverage_audit_before_fact_backfill.json","archive_pre_final/already_archived/outputs/archive/old_outputs/document_fact_coverage_audit_before_fact_backfill.json","ready_to_move","moved","Moved successfully."
"outputs/archive/old_outputs/full_corpus_metadata_audit.json","archive_pre_final/already_archived/outputs/archive/old_outputs/full_corpus_metadata_audit.json","ready_to_move","moved","Moved successfully."
"outputs/archive/old_outputs/full_corpus_metadata_audit_summary.csv","archive_pre_final/already_archived/outputs/archive/old_outputs/full_corpus_metadata_audit_summary.csv","ready_to_move","moved","Moved successfully."
"outputs/archive/old_outputs/full_corpus_metadata_cleanup_effect_summary.json","archive_pre_final/already_archived/outputs/archive/old_outputs/full_corpus_metadata_cleanup_effect_summary.json","ready_to_move","moved","Moved successfully."
"outputs/archive/old_outputs/full_corpus_metadata_cleanup_report.csv","archive_pre_final/already_archived/outputs/archive/old_outputs/full_corpus_metadata_cleanup_report.csv","ready_to_move","moved","Moved successfully."
"outputs/archive/old_outputs/full_corpus_metadata_cleanup_report.json","archive_pre_final/already_archived/outputs/archive/old_outputs/full_corpus_metadata_cleanup_report.json","ready_to_move","moved","Moved successfully."
"outputs/archive/old_outputs/full_corpus_pipeline_summary.json","archive_pre_final/already_archived/outputs/archive/old_outputs/full_corpus_pipeline_summary.json","ready_to_move","moved","Moved successfully."
"outputs/archive/old_outputs/metadata_cleanup_effect_summary.json","archive_pre_final/already_archived/outputs/archive/old_outputs/metadata_cleanup_effect_summary.json","ready_to_move","moved","Moved successfully."
"outputs/archive/old_outputs/metadata_cleanup_report.csv","archive_pre_final/already_archived/outputs/archive/old_outputs/metadata_cleanup_report.csv","ready_to_move","moved","Moved successfully."
"outputs/archive/old_outputs/metadata_cleanup_report.json","archive_pre_final/already_archived/outputs/archive/old_outputs/metadata_cleanup_report.json","ready_to_move","moved","Moved successfully."
"outputs/archive/old_outputs/metadata_normalization_report.csv","archive_pre_final/already_archived/outputs/archive/old_outputs/metadata_normalization_report.csv","ready_to_move","moved","Moved successfully."
"outputs/archive/old_outputs/metadata_normalization_report.json","archive_pre_final/already_archived/outputs/archive/old_outputs/metadata_normalization_report.json","ready_to_move","moved","Moved successfully."
"outputs/archive/old_outputs/new_or_used_generic_entities_review.json","archive_pre_final/already_archived/outputs/archive/old_outputs/new_or_used_generic_entities_review.json","ready_to_move","moved","Moved successfully."
"outputs/archive/old_outputs/ontology_alias_added.json","archive_pre_final/already_archived/outputs/archive/old_outputs/ontology_alias_added.json","ready_to_move","moved","Moved successfully."
"outputs/archive/old_outputs/ontology_alias_gap_report.csv","archive_pre_final/already_archived/outputs/archive/old_outputs/ontology_alias_gap_report.csv","ready_to_move","moved","Moved successfully."
"outputs/archive/old_outputs/ontology_alias_gap_report.json","archive_pre_final/already_archived/outputs/archive/old_outputs/ontology_alias_gap_report.json","ready_to_move","moved","Moved successfully."
"outputs/archive/old_outputs/pipeline_run_query_summary.json","archive_pre_final/already_archived/outputs/archive/old_outputs/pipeline_run_query_summary.json","ready_to_move","moved","Moved successfully."
"outputs/archive/old_outputs/post_clean_metadata_cleanup_report.json","archive_pre_final/already_archived/outputs/archive/old_outputs/post_clean_metadata_cleanup_report.json","ready_to_move","moved","Moved successfully."
"outputs/archive/old_outputs/semantic_backfill_false_positive_review.json","archive_pre_final/already_archived/outputs/archive/old_outputs/semantic_backfill_false_positive_review.json","ready_to_move","moved","Moved successfully."
"outputs/archive/old_reports/cursor_fix_report.md","archive_pre_final/already_archived/outputs/archive/old_reports/cursor_fix_report.md","ready_to_move","moved","Moved successfully."
"outputs/archive/old_reports/focus_two_weak_queries_report.md","archive_pre_final/already_archived/outputs/archive/old_reports/focus_two_weak_queries_report.md","ready_to_move","moved","Moved successfully."
"outputs/archive/old_reports/focus_two_weak_queries_report_round2.md","archive_pre_final/already_archived/outputs/archive/old_reports/focus_two_weak_queries_report_round2.md","ready_to_move","moved","Moved successfully."
"outputs/archive/old_reports/imn_lobster_fix_report.md","archive_pre_final/already_archived/outputs/archive/old_reports/imn_lobster_fix_report.md","ready_to_move","moved","Moved successfully."
"outputs/archive/old_snapshots/focus_two_queries_after.json","archive_pre_final/already_archived/outputs/archive/old_snapshots/focus_two_queries_after.json","ready_to_move","moved","Moved successfully."
"outputs/archive/old_snapshots/focus_two_queries_before.json","archive_pre_final/already_archived/outputs/archive/old_snapshots/focus_two_queries_before.json","ready_to_move","moved","Moved successfully."
"outputs/archive/old_snapshots/focus_two_queries_metrics.json","archive_pre_final/already_archived/outputs/archive/old_snapshots/focus_two_queries_metrics.json","ready_to_move","moved","Moved successfully."
"outputs/archive/old_snapshots/focus_two_queries_round2_after.json","archive_pre_final/already_archived/outputs/archive/old_snapshots/focus_two_queries_round2_after.json","ready_to_move","moved","Moved successfully."
"outputs/archive/old_snapshots/focus_two_queries_round2_before.json","archive_pre_final/already_archived/outputs/archive/old_snapshots/focus_two_queries_round2_before.json","ready_to_move","moved","Moved successfully."
"outputs/archive/old_snapshots/imn_lobster_after.json","archive_pre_final/already_archived/outputs/archive/old_snapshots/imn_lobster_after.json","ready_to_move","moved","Moved successfully."
"outputs/archive/old_snapshots/imn_lobster_before.json","archive_pre_final/already_archived/outputs/archive/old_snapshots/imn_lobster_before.json","ready_to_move","moved","Moved successfully."
"outputs/archive/old_snapshots/imn_lobster_comparison.json","archive_pre_final/already_archived/outputs/archive/old_snapshots/imn_lobster_comparison.json","ready_to_move","moved","Moved successfully."
"outputs/archive/old_snapshots/weak_query_fix_after.json","archive_pre_final/already_archived/outputs/archive/old_snapshots/weak_query_fix_after.json","ready_to_move","moved","Moved successfully."
"outputs/archive/old_snapshots/weak_query_fix_before.json","archive_pre_final/already_archived/outputs/archive/old_snapshots/weak_query_fix_before.json","ready_to_move","moved","Moved successfully."
"outputs/archive/old_snapshots/weak_query_fix_comparison.json","archive_pre_final/already_archived/outputs/archive/old_snapshots/weak_query_fix_comparison.json","ready_to_move","moved","Moved successfully."
"outputs/archive/old_verification/alias_metadata_cleanup_query_verification.json","archive_pre_final/already_archived/outputs/archive/old_verification/alias_metadata_cleanup_query_verification.json","ready_to_move","moved","Moved successfully."
"outputs/archive/old_verification/disease_priority_queries_verification.json","archive_pre_final/already_archived/outputs/archive/old_verification/disease_priority_queries_verification.json","ready_to_move","moved","Moved successfully."
"outputs/archive/old_verification/disease_priority_queries_verification_after_canonical_bridge.json","archive_pre_final/already_archived/outputs/archive/old_verification/disease_priority_queries_verification_after_canonical_bridge.json","ready_to_move","moved","Moved successfully."
"outputs/archive/old_verification/disease_priority_queries_verification_after_tightening.json","archive_pre_final/already_archived/outputs/archive/old_verification/disease_priority_queries_verification_after_tightening.json","ready_to_move","moved","Moved successfully."
"outputs/archive/old_verification/disease_priority_queries_verification_before_tightening.json","archive_pre_final/already_archived/outputs/archive/old_verification/disease_priority_queries_verification_before_tightening.json","ready_to_move","moved","Moved successfully."
"outputs/archive/old_verification/full_corpus_query_verification.json","archive_pre_final/already_archived/outputs/archive/old_verification/full_corpus_query_verification.json","ready_to_move","moved","Moved successfully."
"outputs/archive/old_verification/kg_runtime_verification_after_canonical_bridge.json","archive_pre_final/already_archived/outputs/archive/old_verification/kg_runtime_verification_after_canonical_bridge.json","ready_to_move","moved","Moved successfully."
"outputs/archive/old_verification/kg_runtime_verification_after_disease_tightening.json","archive_pre_final/already_archived/outputs/archive/old_verification/kg_runtime_verification_after_disease_tightening.json","ready_to_move","moved","Moved successfully."
"outputs/archive/old_verification/kg_runtime_verification_before_alias_enrichment.json","archive_pre_final/already_archived/outputs/archive/old_verification/kg_runtime_verification_before_alias_enrichment.json","ready_to_move","moved","Moved successfully."
"outputs/archive/old_verification/kg_runtime_verification_before_disease_tightening.json","archive_pre_final/already_archived/outputs/archive/old_verification/kg_runtime_verification_before_disease_tightening.json","ready_to_move","moved","Moved successfully."
"outputs/archive/old_verification/kg_runtime_verification_before_fact_backfill.json","archive_pre_final/already_archived/outputs/archive/old_verification/kg_runtime_verification_before_fact_backfill.json","ready_to_move","moved","Moved successfully."
"outputs/archive/old_verification/kg_runtime_verification_before_semantic_backfill.json","archive_pre_final/already_archived/outputs/archive/old_verification/kg_runtime_verification_before_semantic_backfill.json","ready_to_move","moved","Moved successfully."
"outputs/archive/old_verification/kg_runtime_verification_semantic_patch_expanded.json","archive_pre_final/already_archived/outputs/archive/old_verification/kg_runtime_verification_semantic_patch_expanded.json","ready_to_move","moved","Moved successfully."
"outputs/archive/old_verification/kg_runtime_verification_semantic_patch_summary.json","archive_pre_final/already_archived/outputs/archive/old_verification/kg_runtime_verification_semantic_patch_summary.json","ready_to_move","moved","Moved successfully."
"outputs/candidate_fusion_experiment_summary.csv","archive_pre_final/old_candidate_fusion_v1/candidate_fusion_experiment_summary.csv","ready_to_move","moved","Moved successfully."
"outputs/candidate_fusion_experiment_summary.json","archive_pre_final/old_candidate_fusion_v1/candidate_fusion_experiment_summary.json","ready_to_move","moved","Moved successfully."
"outputs/candidate_fusion_experiment_summary.md","archive_pre_final/old_candidate_fusion_v1/candidate_fusion_experiment_summary.md","ready_to_move","moved","Moved successfully."
"outputs/candidate_fusion_per_query_delta.csv","archive_pre_final/old_candidate_fusion_v1/candidate_fusion_per_query_delta.csv","ready_to_move","moved","Moved successfully."
"outputs/document_fact_backfill_report.csv","archive_pre_final/old_metadata_outputs/document_fact_backfill_report.csv","ready_to_move","moved","Moved successfully."
"outputs/document_fact_backfill_report.json","archive_pre_final/old_metadata_outputs/document_fact_backfill_report.json","ready_to_move","moved","Moved successfully."
"outputs/figures/fig_hybrid_vector_metadata_delta_by_group.png","archive_pre_final/old_figures/fig_hybrid_vector_metadata_delta_by_group.png","ready_to_move","moved","Moved successfully."
"outputs/metadata_normalization_report.csv","archive_pre_final/old_metadata_outputs/metadata_normalization_report.csv","ready_to_move","moved","Moved successfully."
"outputs/metadata_normalization_report.json","archive_pre_final/old_metadata_outputs/metadata_normalization_report.json","ready_to_move","moved","Moved successfully."
"outputs/semantic_patch_final_assessment.md","archive_pre_final/old_semantic_patch/semantic_patch_final_assessment.md","ready_to_move","moved","Moved successfully."
"outputs/semantic_rule_candidate_facts.csv","archive_pre_final/old_semantic_rule_prototype/semantic_rule_candidate_facts.csv","ready_to_move","moved","Moved successfully."
"outputs/semantic_rule_candidate_facts.json","archive_pre_final/old_semantic_rule_prototype/semantic_rule_candidate_facts.json","ready_to_move","moved","Moved successfully."
"outputs/semantic_rule_candidate_facts.md","archive_pre_final/old_semantic_rule_prototype/semantic_rule_candidate_facts.md","ready_to_move","moved","Moved successfully."
"outputs/semantic_rule_scoring_opportunities.csv","archive_pre_final/old_semantic_rule_prototype/semantic_rule_scoring_opportunities.csv","ready_to_move","moved","Moved successfully."
"outputs/semantic_rules_and_label_strategy.md","archive_pre_final/old_semantic_rule_prototype/semantic_rules_and_label_strategy.md","ready_to_move","moved","Moved successfully."
"outputs/taxon_enriched_facts_v2_backfilled_runtime.owl","archive_pre_final/old_semantic_patch/taxon_enriched_facts_v2_backfilled_runtime.owl","ready_to_move","moved","Moved successfully."
"run_candidate_fusion_experiment.py","archive_pre_final/old_candidate_fusion_v1/run_candidate_fusion_experiment.py","ready_to_move","moved","Moved successfully."
"vector_store_backup_round10/chunks.index","archive_pre_final/vector_store_backups/vector_store_backup_round10/chunks.index","ready_to_move","moved","Moved successfully."
"vector_store_backup_round10/chunks_meta.pkl","archive_pre_final/vector_store_backups/vector_store_backup_round10/chunks_meta.pkl","ready_to_move","moved","Moved successfully."
"vector_store_backup_round10/config.pkl","archive_pre_final/vector_store_backups/vector_store_backup_round10/config.pkl","ready_to_move","moved","Moved successfully."
"vector_store_backup_round11_after_tb_fix/chunks.index","archive_pre_final/vector_store_backups/vector_store_backup_round11_after_tb_fix/chunks.index","ready_to_move","moved","Moved successfully."
"vector_store_backup_round11_after_tb_fix/chunks_meta.pkl","archive_pre_final/vector_store_backups/vector_store_backup_round11_after_tb_fix/chunks_meta.pkl","ready_to_move","moved","Moved successfully."
"vector_store_backup_round11_after_tb_fix/config.pkl","archive_pre_final/vector_store_backups/vector_store_backup_round11_after_tb_fix/config.pkl","ready_to_move","moved","Moved successfully."
"vector_store_backup_round12_after_ria3_fix/chunks.index","archive_pre_final/vector_store_backups/vector_store_backup_round12_after_ria3_fix/chunks.index","ready_to_move","moved","Moved successfully."
"vector_store_backup_round12_after_ria3_fix/chunks_meta.pkl","archive_pre_final/vector_store_backups/vector_store_backup_round12_after_ria3_fix/chunks_meta.pkl","ready_to_move","moved","Moved successfully."
"vector_store_backup_round12_after_ria3_fix/config.pkl","archive_pre_final/vector_store_backups/vector_store_backup_round12_after_ria3_fix/config.pkl","ready_to_move","moved","Moved successfully."
".vscode/settings.json","","hold","skipped_hold","Skipped by plan action_status=hold."
"analyze_ontology_alias_gaps.py","","hold","skipped_hold","Skipped by plan action_status=hold."
"analyze_query_understanding_profiles.py","","hold","skipped_hold","Skipped by plan action_status=hold."
"audit_alias_and_metadata_noise.py","","hold","skipped_hold","Skipped by plan action_status=hold."
"audit_document_fact_coverage.py","","hold","skipped_hold","Skipped by plan action_status=hold."
"backfill_document_facts_from_metadata.py","","hold","skipped_hold","Skipped by plan action_status=hold."
"clean_metadata_for_entity_matching.py","","hold","skipped_hold","Skipped by plan action_status=hold."
"compute_core_metrics.py","","hold","skipped_hold","Skipped by plan action_status=hold."
"data/eval/analysis/baseline_strengths_by_group.csv","","hold","skipped_hold","Skipped by plan action_status=hold."
"data/eval/analysis/error_analysis_and_final_improvement_plan.md","","hold","skipped_hold","Skipped by plan action_status=hold."
"data/eval/analysis/final_technical_iteration_report.md","","hold","skipped_hold","Skipped by plan action_status=hold."
"data/eval/analysis/query_failure_buckets.csv","","hold","skipped_hold","Skipped by plan action_status=hold."
"data/eval/competency_questions_core.csv","","hold","skipped_hold","Skipped by plan action_status=hold."
"data/eval/final_active_files_manifest.csv","","hold","skipped_hold","Skipped by plan action_status=hold."
"data/eval/final_freeze_report.md","","hold","skipped_hold","Skipped by plan action_status=hold."
"data/eval/final_query_set.csv","","hold","skipped_hold","Skipped by plan action_status=hold."
"data/eval/final_query_set_extended.csv","","hold","skipped_hold","Skipped by plan action_status=hold."
"data/eval/final_query_set_notes.md","","hold","skipped_hold","Skipped by plan action_status=hold."
"data/eval/metrics/baseline_latency_per_query.csv","","hold","skipped_hold","Skipped by plan action_status=hold."
"data/eval/metrics/baseline_metrics_by_group_extended.csv","","hold","skipped_hold","Skipped by plan action_status=hold."
"data/eval/metrics/baseline_metrics_by_group_plus.csv","","hold","skipped_hold","Skipped by plan action_status=hold."
"data/eval/metrics/baseline_metrics_by_query_extended.csv","","hold","skipped_hold","Skipped by plan action_status=hold."
"data/eval/metrics/baseline_metrics_by_query_plus.csv","","hold","skipped_hold","Skipped by plan action_status=hold."
"data/eval/metrics/baseline_metrics_summary_extended.csv","","hold","skipped_hold","Skipped by plan action_status=hold."
"data/eval/metrics/baseline_metrics_summary_plus.csv","","hold","skipped_hold","Skipped by plan action_status=hold."
"data/eval/metrics/compute_core_metrics.py","","hold","skipped_hold","Skipped by plan action_status=hold."
"data/eval/metrics/hybrid_candidate_fusion_metrics_by_group.csv","","hold","skipped_hold","Skipped by plan action_status=hold."
"data/eval/metrics/hybrid_candidate_fusion_metrics_by_query.csv","","hold","skipped_hold","Skipped by plan action_status=hold."
"data/eval/metrics/hybrid_candidate_fusion_metrics_summary.csv","","hold","skipped_hold","Skipped by plan action_status=hold."
"data/eval/metrics/kg_ablation_metrics_by_group.csv","","hold","skipped_hold","Skipped by plan action_status=hold."
"data/eval/metrics/kg_ablation_metrics_by_query.csv","","hold","skipped_hold","Skipped by plan action_status=hold."
"data/eval/metrics/kg_ablation_metrics_summary.csv","","hold","skipped_hold","Skipped by plan action_status=hold."
"data/eval/metrics/metrics_notes.md","","hold","skipped_hold","Skipped by plan action_status=hold."
"data/eval/project_final_readiness_check.md","","hold","skipped_hold","Skipped by plan action_status=hold."
"data/eval/relevance_guidelines_core.md","","hold","skipped_hold","Skipped by plan action_status=hold."
"data/eval/relevance_judgments_core_summary.md","","hold","skipped_hold","Skipped by plan action_status=hold."
"data/eval/relevance_judgments_extended.csv","","hold","skipped_hold","Skipped by plan action_status=hold."
"data/eval/results/baseline_hybrid_candidate_fusion_core.csv","","hold","skipped_hold","Skipped by plan action_status=hold."
"data/eval/results/baseline_hybrid_candidate_fusion_extended.csv","","hold","skipped_hold","Skipped by plan action_status=hold."
"data/eval/results/baseline_hybrid_extended.csv","","hold","skipped_hold","Skipped by plan action_status=hold."
"data/eval/results/baseline_lexical_extended.csv","","hold","skipped_hold","Skipped by plan action_status=hold."
"data/eval/results/baseline_ontology_sparql_extended.csv","","hold","skipped_hold","Skipped by plan action_status=hold."
"data/eval/results/baseline_vector_extended.csv","","hold","skipped_hold","Skipped by plan action_status=hold."
"data/eval/results/baseline_vector_metadata_extended.csv","","hold","skipped_hold","Skipped by plan action_status=hold."
"data/eval/results/baseline_vector_metadata_kg_no_intent_core.csv","","hold","skipped_hold","Skipped by plan action_status=hold."
"data/eval/results/kg_ablation_results_core.csv","","hold","skipped_hold","Skipped by plan action_status=hold."
"data/eval/results/results_generation_notes.md","","hold","skipped_hold","Skipped by plan action_status=hold."
"data/metadata/document_metadata.xlsx","","hold","skipped_hold","Skipped by plan action_status=hold."
"data/ontology/mapping_report.csv","","hold","skipped_hold","Skipped by plan action_status=hold."
"data/ontology/taxon.owl","","hold","skipped_hold","Skipped by plan action_status=hold."
"data/ontology/taxon_enriched.owl","","hold","skipped_hold","Skipped by plan action_status=hold."
"data/ontology/taxon_enriched_aliases.owl","","hold","skipped_hold","Skipped by plan action_status=hold."
"data/ontology/taxon_enriched_facts.owl","","hold","skipped_hold","Skipped by plan action_status=hold."
"data/ontology/taxon_enriched_semantic.owl","","hold","skipped_hold","Skipped by plan action_status=hold."
"enrich_ontology_aliases.py","","hold","skipped_hold","Skipped by plan action_status=hold."
"enrich_ontology_semantic_entities.py","","hold","skipped_hold","Skipped by plan action_status=hold."
"evaluate_competency_questions.py","","hold","skipped_hold","Skipped by plan action_status=hold."
"experiments/analyze_kg_score_components.py","","hold","skipped_hold","Skipped by plan action_status=hold."
"experiments/compute_baseline_metrics_plus.py","","hold","skipped_hold","Skipped by plan action_status=hold."
"experiments/generate_query_expansion_examples.py","","hold","skipped_hold","Skipped by plan action_status=hold."
"experiments/run_extended_evaluation.py","","hold","skipped_hold","Skipped by plan action_status=hold."
"experiments/run_hybrid_candidate_fusion.py","","hold","skipped_hold","Skipped by plan action_status=hold."
"experiments/run_kg_ablation.py","","hold","skipped_hold","Skipped by plan action_status=hold."
"full_corpus_metadata_audit.py","","hold","skipped_hold","Skipped by plan action_status=hold."
"full_corpus_metadata_cleanup.py","","hold","skipped_hold","Skipped by plan action_status=hold."
"full_corpus_pipeline_summary.py","","hold","skipped_hold","Skipped by plan action_status=hold."
"full_corpus_query_verification.py","","hold","skipped_hold","Skipped by plan action_status=hold."
"generate_error_analysis_core.py","","hold","skipped_hold","Skipped by plan action_status=hold."
"generate_evaluation_layers_summary.py","","hold","skipped_hold","Skipped by plan action_status=hold."
"measure_core_baseline_latency.py","","hold","skipped_hold","Skipped by plan action_status=hold."
"outputs/baseline_metrics_plus_report.md","","hold","skipped_hold","Skipped by plan action_status=hold."
"outputs/competency_questions_results.csv","","hold","skipped_hold","Skipped by plan action_status=hold."
"outputs/competency_questions_summary.json","","hold","skipped_hold","Skipped by plan action_status=hold."
"outputs/document_fact_coverage_audit.csv","","hold","skipped_hold","Skipped by plan action_status=hold."
"outputs/document_fact_coverage_audit.json","","hold","skipped_hold","Skipped by plan action_status=hold."
"outputs/error_analysis_core.csv","","hold","skipped_hold","Skipped by plan action_status=hold."
"outputs/error_analysis_summary.json","","hold","skipped_hold","Skipped by plan action_status=hold."
"outputs/evaluation_layers_summary.json","","hold","skipped_hold","Skipped by plan action_status=hold."
"outputs/evaluation_layers_summary.md","","hold","skipped_hold","Skipped by plan action_status=hold."
"outputs/extended_query_evaluation_report.md","","hold","skipped_hold","Skipped by plan action_status=hold."
"outputs/extended_query_judgment_audit.md","","hold","skipped_hold","Skipped by plan action_status=hold."
"outputs/figures/fig_ablation_key_metrics.pdf","","hold","skipped_hold","Skipped by plan action_status=hold."
"outputs/figures/fig_ablation_key_metrics.png","","hold","skipped_hold","Skipped by plan action_status=hold."
"outputs/figures/fig_baseline_key_metrics.pdf","","hold","skipped_hold","Skipped by plan action_status=hold."
"outputs/figures/fig_baseline_key_metrics.png","","hold","skipped_hold","Skipped by plan action_status=hold."
"outputs/figures/fig_candidate_fusion_summary.png","","hold","skipped_hold","Skipped by plan action_status=hold."
"outputs/figures/fig_extended_evaluation_summary.png","","hold","skipped_hold","Skipped by plan action_status=hold."
"outputs/figures/fig_hybrid_vs_vector_metadata_by_group.pdf","","hold","skipped_hold","Skipped by plan action_status=hold."
"outputs/figures/fig_hybrid_vs_vector_metadata_by_group.png","","hold","skipped_hold","Skipped by plan action_status=hold."
"outputs/figures/fig_kg_ablation_summary.png","","hold","skipped_hold","Skipped by plan action_status=hold."
"outputs/figures/fig_kg_runtime_contribution_summary.png","","hold","skipped_hold","Skipped by plan action_status=hold."
"outputs/figures/fig_kg_score_components.png","","hold","skipped_hold","Skipped by plan action_status=hold."
"outputs/figures/fig_quality_latency_tradeoff.pdf","","hold","skipped_hold","Skipped by plan action_status=hold."
"outputs/figures/fig_quality_latency_tradeoff.png","","hold","skipped_hold","Skipped by plan action_status=hold."
"outputs/figures/fig_query_expansion_examples.png","","hold","skipped_hold","Skipped by plan action_status=hold."
"outputs/final_score_formula_and_runtime_flow.md","","hold","skipped_hold","Skipped by plan action_status=hold."
"outputs/final_submission_file_checklist.md","","hold","skipped_hold","Skipped by plan action_status=hold."
"outputs/hybrid_candidate_fusion_analysis.md","","hold","skipped_hold","Skipped by plan action_status=hold."
"outputs/hybrid_vs_vector_metadata_by_group.csv","","hold","skipped_hold","Skipped by plan action_status=hold."
"outputs/hybrid_vs_vector_metadata_by_group.md","","hold","skipped_hold","Skipped by plan action_status=hold."
"outputs/kg_ablation_analysis.md","","hold","skipped_hold","Skipped by plan action_status=hold."
"outputs/kg_runtime_verification.json","","hold","skipped_hold","Skipped by plan action_status=hold."
"outputs/kg_score_component_analysis.csv","","hold","skipped_hold","Skipped by plan action_status=hold."
"outputs/kg_score_component_analysis.md","","hold","skipped_hold","Skipped by plan action_status=hold."
"outputs/ontology_quality_check.json","","hold","skipped_hold","Skipped by plan action_status=hold."
"outputs/ontology_quality_check.md","","hold","skipped_hold","Skipped by plan action_status=hold."
"outputs/ontology_reasoner_consistency_check.json","","hold","skipped_hold","Skipped by plan action_status=hold."
"outputs/ontology_reasoner_consistency_check.md","","hold","skipped_hold","Skipped by plan action_status=hold."
"outputs/query_expansion_design.md","","hold","skipped_hold","Skipped by plan action_status=hold."
"outputs/query_expansion_examples.csv","","hold","skipped_hold","Skipped by plan action_status=hold."
"outputs/query_understanding_profiles.csv","","hold","skipped_hold","Skipped by plan action_status=hold."
"outputs/query_understanding_profiles.json","","hold","skipped_hold","Skipped by plan action_status=hold."
"outputs/query_understanding_profiles.md","","hold","skipped_hold","Skipped by plan action_status=hold."
"outputs/streamlit_demo_notes.md","","hold","skipped_hold","Skipped by plan action_status=hold."
"outputs/wilcoxon_hybrid_vs_vector_metadata.csv","","hold","skipped_hold","Skipped by plan action_status=hold."
"outputs/wilcoxon_hybrid_vs_vector_metadata.json","","hold","skipped_hold","Skipped by plan action_status=hold."
"outputs/wilcoxon_hybrid_vs_vector_metadata.md","","hold","skipped_hold","Skipped by plan action_status=hold."
"post_clean_metadata_cleanup.py","","hold","skipped_hold","Skipped by plan action_status=hold."
"README.md","","hold","skipped_hold","Skipped by plan action_status=hold."
"run_wilcoxon_significance_test.py","","hold","skipped_hold","Skipped by plan action_status=hold."
"semantic_normalization.py","","hold","skipped_hold","Skipped by plan action_status=hold."
"sync_metadata_to_owl.py","","hold","skipped_hold","Skipped by plan action_status=hold."
"validate_semantic_patch.py","","hold","skipped_hold","Skipped by plan action_status=hold."
"verify_disease_priority_queries.py","","hold","skipped_hold","Skipped by plan action_status=hold."
"verify_kg_runtime.py","","hold","skipped_hold","Skipped by plan action_status=hold."
"verify_ontology_quality.py","","hold","skipped_hold","Skipped by plan action_status=hold."
"verify_ontology_reasoner_consistency.py","","hold","skipped_hold","Skipped by plan action_status=hold."
"verify_queries_after_alias_metadata_cleanup.py","","hold","skipped_hold","Skipped by plan action_status=hold."
".streamlit/config.toml","","never_touch","skipped_never_touch","Skipped by plan action_status=never_touch."
"app_streamlit.py","","never_touch","skipped_never_touch","Skipped by plan action_status=never_touch."
"data/eval/final_query_set_core.csv","","never_touch","skipped_never_touch","Skipped by plan action_status=never_touch."
"data/eval/metrics/baseline_latency_summary.csv","","never_touch","skipped_never_touch","Skipped by plan action_status=never_touch."
"data/eval/metrics/baseline_metrics_by_group.csv","","never_touch","skipped_never_touch","Skipped by plan action_status=never_touch."
"data/eval/metrics/baseline_metrics_per_query.csv","","never_touch","skipped_never_touch","Skipped by plan action_status=never_touch."
"data/eval/metrics/baseline_metrics_summary.csv","","never_touch","skipped_never_touch","Skipped by plan action_status=never_touch."
"data/eval/relevance_judgments_core.csv","","never_touch","skipped_never_touch","Skipped by plan action_status=never_touch."
"data/eval/results/baseline_hybrid_core.csv","","never_touch","skipped_never_touch","Skipped by plan action_status=never_touch."
"data/eval/results/baseline_lexical_core.csv","","never_touch","skipped_never_touch","Skipped by plan action_status=never_touch."
"data/eval/results/baseline_ontology_sparql_core.csv","","never_touch","skipped_never_touch","Skipped by plan action_status=never_touch."
"data/eval/results/baseline_vector_core.csv","","never_touch","skipped_never_touch","Skipped by plan action_status=never_touch."
"data/eval/results/baseline_vector_metadata_core.csv","","never_touch","skipped_never_touch","Skipped by plan action_status=never_touch."
"data/metadata/document_metadata_cleaned.xlsx","","never_touch","skipped_never_touch","Skipped by plan action_status=never_touch."
"data/ontology/taxon_enriched_facts_v2.owl","","never_touch","skipped_never_touch","Skipped by plan action_status=never_touch."
"data/raw_docs/BIOLOGY_001_biology13100758.pdf","","never_touch","skipped_never_touch","Skipped by plan action_status=never_touch."
"data/raw_docs/FAO_001_cb2119en.pdf","","never_touch","skipped_never_touch","Skipped by plan action_status=never_touch."
"data/raw_docs/FAO_002_a1152e.pdf","","never_touch","skipped_never_touch","Skipped by plan action_status=never_touch."
"data/raw_docs/FAO_003_ca2976en.pdf","","never_touch","skipped_never_touch","Skipped by plan action_status=never_touch."
"data/raw_docs/FAO_004_cc6858en.pdf","","never_touch","skipped_never_touch","Skipped by plan action_status=never_touch."
"data/raw_docs/FAO_005_y5040e.pdf","","never_touch","skipped_never_touch","Skipped by plan action_status=never_touch."
"data/raw_docs/FAO_006_bt131e.pdf","","never_touch","skipped_never_touch","Skipped by plan action_status=never_touch."
"data/raw_docs/FAO_007_cd8164en.pdf","","never_touch","skipped_never_touch","Skipped by plan action_status=never_touch."
"data/raw_docs/FAO_008_cb8926en.pdf","","never_touch","skipped_never_touch","Skipped by plan action_status=never_touch."
"data/raw_docs/FAO_009_y1679e.pdf","","never_touch","skipped_never_touch","Skipped by plan action_status=never_touch."
"data/raw_docs/FAO_010_ca6052en.pdf","","never_touch","skipped_never_touch","Skipped by plan action_status=never_touch."
"data/raw_docs/FAO_011_ad824e.pdf","","never_touch","skipped_never_touch","Skipped by plan action_status=never_touch."
"data/raw_docs/FAO_012_ad505e.pdf","","never_touch","skipped_never_touch","Skipped by plan action_status=never_touch."
"data/raw_docs/FAO_013_y5325e.pdf","","never_touch","skipped_never_touch","Skipped by plan action_status=never_touch."
"data/raw_docs/FAO_014_cd8658en.pdf","","never_touch","skipped_never_touch","Skipped by plan action_status=never_touch."
"data/raw_docs/FAO_015_t0411e.pdf","","never_touch","skipped_never_touch","Skipped by plan action_status=never_touch."
"data/raw_docs/FAO_016_cd7559en.pdf","","never_touch","skipped_never_touch","Skipped by plan action_status=never_touch."
"data/raw_docs/FAO_017_ca7588en.pdf","","never_touch","skipped_never_touch","Skipped by plan action_status=never_touch."
"data/raw_docs/FAO_018_t1623e.pdf","","never_touch","skipped_never_touch","Skipped by plan action_status=never_touch."
"data/raw_docs/FAO_019_i0490e.pdf","","never_touch","skipped_never_touch","Skipped by plan action_status=never_touch."
"data/raw_docs/FAO_020_i2571e.pdf","","never_touch","skipped_never_touch","Skipped by plan action_status=never_touch."
"data/raw_docs/FAO_021_cd8667en.pdf","","never_touch","skipped_never_touch","Skipped by plan action_status=never_touch."
"data/raw_docs/FAO_022_i1750e.pdf","","never_touch","skipped_never_touch","Skipped by plan action_status=never_touch."
"data/raw_docs/FAO_023_i0970e.pdf","","never_touch","skipped_never_touch","Skipped by plan action_status=never_touch."
"data/raw_docs/FAO_024_u3100e.pdf","","never_touch","skipped_never_touch","Skipped by plan action_status=never_touch."
"data/raw_docs/FAO_025_a0366e.pdf","","never_touch","skipped_never_touch","Skipped by plan action_status=never_touch."
"data/raw_docs/FAO_026_br813e.pdf","","never_touch","skipped_never_touch","Skipped by plan action_status=never_touch."
"data/raw_docs/FAO_027_cd6476en.pdf","","never_touch","skipped_never_touch","Skipped by plan action_status=never_touch."
"data/raw_docs/FAO_028_i3569e.pdf","","never_touch","skipped_never_touch","Skipped by plan action_status=never_touch."
"data/raw_docs/FAO_029_i9705en.pdf","","never_touch","skipped_never_touch","Skipped by plan action_status=never_touch."
"data/raw_docs/FAO_031_cd8563en.pdf","","never_touch","skipped_never_touch","Skipped by plan action_status=never_touch."
"data/raw_docs/FAO_032_cd8633en.pdf","","never_touch","skipped_never_touch","Skipped by plan action_status=never_touch."
"data/raw_docs/FAO_033_cc6625en.pdf","","never_touch","skipped_never_touch","Skipped by plan action_status=never_touch."
"data/raw_docs/FAO_034_ca2705en.pdf","","never_touch","skipped_never_touch","Skipped by plan action_status=never_touch."
"data/raw_docs/FAO_035_w3594e.pdf","","never_touch","skipped_never_touch","Skipped by plan action_status=never_touch."
"data/raw_docs/FAO_036_i1137e.pdf","","never_touch","skipped_never_touch","Skipped by plan action_status=never_touch."
"data/raw_docs/FAO_037_na265en.pdf","","never_touch","skipped_never_touch","Skipped by plan action_status=never_touch."
"data/raw_docs/FAO_038_ca6702en.pdf","","never_touch","skipped_never_touch","Skipped by plan action_status=never_touch."
"data/raw_docs/FAO_039_ad893e.pdf","","never_touch","skipped_never_touch","Skipped by plan action_status=never_touch."
"data/raw_docs/FAO_040_i8064en.pdf","","never_touch","skipped_never_touch","Skipped by plan action_status=never_touch."
"data/raw_docs/FAO_041_cd3785en.pdf","","never_touch","skipped_never_touch","Skipped by plan action_status=never_touch."
"data/raw_docs/FAO_042_biosecurity_philippines.pdf","","never_touch","skipped_never_touch","Skipped by plan action_status=never_touch."
"data/raw_docs/FAO_042_i3720e.pdf","","never_touch","skipped_never_touch","Skipped by plan action_status=never_touch."
"data/raw_docs/FAO_043_boosting_biosecurity_peru.pdf","","never_touch","skipped_never_touch","Skipped by plan action_status=never_touch."
"data/raw_docs/FAO_044_i2734e03i.pdf","","never_touch","skipped_never_touch","Skipped by plan action_status=never_touch."
"data/raw_docs/FAO_045_ca6163en.pdf","","never_touch","skipped_never_touch","Skipped by plan action_status=never_touch."
"data/raw_docs/IJMS_001_ijms26178478.pdf","","never_touch","skipped_never_touch","Skipped by plan action_status=never_touch."
"data/raw_docs/NACA_001_1737869839.pdf","","never_touch","skipped_never_touch","Skipped by plan action_status=never_touch."
"data/raw_docs/NACA_002_1749824700.pdf","","never_touch","skipped_never_touch","Skipped by plan action_status=never_touch."
"data/raw_docs/NACA_003_1494554353.pdf","","never_touch","skipped_never_touch","Skipped by plan action_status=never_touch."
"data/raw_docs/PLOS_001_pone.0091930.pdf","","never_touch","skipped_never_touch","Skipped by plan action_status=never_touch."
"data/raw_docs/PMC_001_PMC10820212.pdf","","never_touch","skipped_never_touch","Skipped by plan action_status=never_touch."
"data/raw_docs/PMC_002_PMC6963587.pdf","","never_touch","skipped_never_touch","Skipped by plan action_status=never_touch."
"data/raw_docs/PMC_003_PMC11657822.pdf","","never_touch","skipped_never_touch","Skipped by plan action_status=never_touch."
"data/raw_docs/PMC_004_PMC12128546.pdf","","never_touch","skipped_never_touch","Skipped by plan action_status=never_touch."
"data/raw_docs/PMC_005_PMC12552485.pdf","","never_touch","skipped_never_touch","Skipped by plan action_status=never_touch."
"data/raw_docs/PMC_006_PMC8042889.pdf","","never_touch","skipped_never_touch","Skipped by plan action_status=never_touch."
"data/raw_docs/PMC_007_PMC8067269.pdf","","never_touch","skipped_never_touch","Skipped by plan action_status=never_touch."
"data/raw_docs/PMC_008_PMC11611405.pdf","","never_touch","skipped_never_touch","Skipped by plan action_status=never_touch."
"data/raw_docs/PMC_009_PMC12030750.pdf","","never_touch","skipped_never_touch","Skipped by plan action_status=never_touch."
"data/raw_docs/PMC_010_PMC7409025.pdf","","never_touch","skipped_never_touch","Skipped by plan action_status=never_touch."
"data/raw_docs/PMC_011_PMC5742833.pdf","","never_touch","skipped_never_touch","Skipped by plan action_status=never_touch."
"data/raw_docs/PMC_012_PMC7223513.pdf","","never_touch","skipped_never_touch","Skipped by plan action_status=never_touch."
"data/raw_docs/PMC_013_PMC12825151.pdf","","never_touch","skipped_never_touch","Skipped by plan action_status=never_touch."
"data/raw_docs/PMC_014_PMC9531857.pdf","","never_touch","skipped_never_touch","Skipped by plan action_status=never_touch."
"data/raw_docs/PMC_015_PMC12006376.pdf","","never_touch","skipped_never_touch","Skipped by plan action_status=never_touch."
"data/raw_docs/PMC_016_PMC4815145.pdf","","never_touch","skipped_never_touch","Skipped by plan action_status=never_touch."
"data/raw_docs/PMC_017_PMC11223889.pdf","","never_touch","skipped_never_touch","Skipped by plan action_status=never_touch."
"data/raw_docs/PMC_018_PMC12008197.pdf","","never_touch","skipped_never_touch","Skipped by plan action_status=never_touch."
"data/raw_docs/PMC_019_PMC6797625.pdf","","never_touch","skipped_never_touch","Skipped by plan action_status=never_touch."
"data/raw_docs/PMC_020_PMC10701378.pdf","","never_touch","skipped_never_touch","Skipped by plan action_status=never_touch."
"data/raw_docs/PMC_021_PMC9427843.pdf","","never_touch","skipped_never_touch","Skipped by plan action_status=never_touch."
"data/raw_docs/PMC_022_PMC11081493.pdf","","never_touch","skipped_never_touch","Skipped by plan action_status=never_touch."
"data/raw_docs/PMC_023_PMC10229113.pdf","","never_touch","skipped_never_touch","Skipped by plan action_status=never_touch."
"data/raw_docs/PMC_024_PMC9139878.pdf","","never_touch","skipped_never_touch","Skipped by plan action_status=never_touch."
"data/raw_docs/PMC_025_PMC4510448.pdf","","never_touch","skipped_never_touch","Skipped by plan action_status=never_touch."
"data/raw_docs/PMC_026_PMC11205452.pdf","","never_touch","skipped_never_touch","Skipped by plan action_status=never_touch."
"data/raw_docs/PMC_027_PMC12745081.pdf","","never_touch","skipped_never_touch","Skipped by plan action_status=never_touch."
"data/raw_docs/PMC_028_PMC5603525.pdf","","never_touch","skipped_never_touch","Skipped by plan action_status=never_touch."
"data/raw_docs/PMC_029_PMC6955853.pdf","","never_touch","skipped_never_touch","Skipped by plan action_status=never_touch."
"data/raw_docs/PMC_030_PMC10476614.pdf","","never_touch","skipped_never_touch","Skipped by plan action_status=never_touch."
"data/raw_docs/PMC_031_PMC91383.pdf","","never_touch","skipped_never_touch","Skipped by plan action_status=never_touch."
"data/raw_docs/PMC_032_PMC12435696.pdf","","never_touch","skipped_never_touch","Skipped by plan action_status=never_touch."
"data/raw_docs/PMC_033_PMC8339124.pdf","","never_touch","skipped_never_touch","Skipped by plan action_status=never_touch."
"data/raw_docs/PMC_034_PMC10141217.pdf","","never_touch","skipped_never_touch","Skipped by plan action_status=never_touch."
"data/raw_docs/PMC_035_PMC11861540.pdf","","never_touch","skipped_never_touch","Skipped by plan action_status=never_touch."
"data/raw_docs/PMC_036_PMC9125206.pdf","","never_touch","skipped_never_touch","Skipped by plan action_status=never_touch."
"data/raw_docs/RIA3_001_quy_hoach_nuoi_tom_hum_2030.pdf","","never_touch","skipped_never_touch","Skipped by plan action_status=never_touch."
"data/raw_docs/RIA3_002_TBKQ_QTDX_PhuYen_KhanhHoa_17112023.pdf","","never_touch","skipped_never_touch","Skipped by plan action_status=never_touch."
"data/raw_docs/RIA3_003_TBKQ_QTMT_DOT14_T6_2025.pdf","","never_touch","skipped_never_touch","Skipped by plan action_status=never_touch."
"data/raw_docs/SEAFDEC_001_DharAK2021.pdf","","never_touch","skipped_never_touch","Skipped by plan action_status=never_touch."
"data/raw_docs/SEAFDEC_002_Wong2016.pdf","","never_touch","skipped_never_touch","Skipped by plan action_status=never_touch."
"data/raw_docs/SEAFDEC_003_Yuasa2016.pdf","","never_touch","skipped_never_touch","Skipped by plan action_status=never_touch."
"data/raw_docs/SEAFDEC_004_sp15-3.pdf","","never_touch","skipped_never_touch","Skipped by plan action_status=never_touch."
"data/raw_docs/SEAFDEC_005_WahSLP2016.pdf","","never_touch","skipped_never_touch","Skipped by plan action_status=never_touch."
"data/raw_docs/SEAFDEC_006_Apostol2016.pdf","","never_touch","skipped_never_touch","Skipped by plan action_status=never_touch."
"data/raw_docs/SEAFDEC_007_Penir2019.pdf","","never_touch","skipped_never_touch","Skipped by plan action_status=never_touch."
"data/raw_docs/SEAFDEC_008_Putth2016.pdf","","never_touch","skipped_never_touch","Skipped by plan action_status=never_touch."
"data/raw_docs/SEAFDEC_009_Hastuti2016.pdf","","never_touch","skipped_never_touch","Skipped by plan action_status=never_touch."
"data/raw_docs/SEAFDEC_010_Hirono2016.pdf","","never_touch","skipped_never_touch","Skipped by plan action_status=never_touch."
"data/raw_docs/SEAFDEC_011_Kua2016.pdf","","never_touch","skipped_never_touch","Skipped by plan action_status=never_touch."
"data/raw_docs/TB_001_NyanTawCRSDCaMau.pdf","","never_touch","skipped_never_touch","Skipped by plan action_status=never_touch."
"data/raw_docs/TB_002_cong_nghe_gen_va_chon_giong_tom_khang_benh.pdf","","never_touch","skipped_never_touch","Skipped by plan action_status=never_touch."
"data/raw_docs/TB_003_co_che_co_ban_cua_nhiem_don_le_va_dong_nhiem_DIV1_va_WSSV_o_tom_the_chan_trang.pdf","","never_touch","skipped_never_touch","Skipped by plan action_status=never_touch."
"data/raw_docs/TB_004_hoai_tu_co_o_tom_the_chan_trang.pdf","","never_touch","skipped_never_touch","Skipped by plan action_status=never_touch."
"data/raw_docs/TB_005_su_hien_dien_cua_benh_dom_trang_va_EHP_va_AHPND_tai_DBSCL_2022_2024.pdf","","never_touch","skipped_never_touch","Skipped by plan action_status=never_touch."
"data/raw_docs/TB_006_hoai_tu_co_IMNV_tren_tom_va_chien_luoc_kiem_soat.pdf","","never_touch","skipped_never_touch","Skipped by plan action_status=never_touch."
"data/raw_docs/TB_007_benh_dom_trang_o_tom_nuoi_va_cong_nghe_nuoi_tom_nham_phong_benh_dom_trang.pdf","","never_touch","skipped_never_touch","Skipped by plan action_status=never_touch."
"data/raw_docs/TCKHTS_001.pdf","","never_touch","skipped_never_touch","Skipped by plan action_status=never_touch."
"data/raw_docs/TCTS_001_024286.pdf","","never_touch","skipped_never_touch","Skipped by plan action_status=never_touch."
"hybrid_search.py","","never_touch","skipped_never_touch","Skipped by plan action_status=never_touch."
"kg_runtime.py","","never_touch","skipped_never_touch","Skipped by plan action_status=never_touch."
"run_core_baselines.py","","never_touch","skipped_never_touch","Skipped by plan action_status=never_touch."
"vector_search.py","","never_touch","skipped_never_touch","Skipped by plan action_status=never_touch."
"vector_store/chunks.index","","never_touch","skipped_never_touch","Skipped by plan action_status=never_touch."
"vector_store/chunks_meta.pkl","","never_touch","skipped_never_touch","Skipped by plan action_status=never_touch."
"vector_store/config.pkl","","never_touch","skipped_never_touch","Skipped by plan action_status=never_touch."
