query_id,original_query,query_group,detected_entity,entity_type,expansion_type,expansion_terms,expansion_source,expanded_query_example,expected_effect,risk_or_caution,should_use_in_final,notes
QE_DISEASE_AHPND_ALIAS,AHPND shrimp disease,disease-specific,AHPND,disease,disease_alias,acute hepatopancreatic necrosis disease; EMS; AHPNS,metadata related_disease; skos:altLabel; fallback_metadata_alias,,Improve matching when documents use full disease name or EMS/AHPNS wording instead of AHPND.,EMS/AHPNS can be broader than AHPND in some sources; keep disease intent anchored.,false,
QE_DISEASE_AHPND_PATHOGEN,AHPND shrimp disease,disease-specific,AHPND,disease,disease_to_pathogen,Vibrio parahaemolyticus; Vibrio; bacterial pathogen,ontology relation causedBy; metadata keywords,,Bridge disease queries to pathogen-focused documents.,Vibrio is broad; use with lower weight or only as candidate expansion.,false,
QE_DISEASE_AHPND_PREVENTION,AHPND shrimp disease prevention,biosecurity-management,AHPND,disease,disease_to_prevention,biosecurity; disease prevention; disease control; surveillance,ontology relation recommendedPrevention; metadata keywords,,Retrieve management/prevention manuals for AHPND-oriented queries.,Can drift toward generic biosecurity; retain AHPND term in rewritten query.,false,
QE_DISEASE_WSSV_ALIAS,WSSV shrimp,disease-specific,WSSV,disease,disease_alias,white spot syndrome virus; white spot disease; bệnh đốm trắng,metadata related_disease; fallback_metadata_alias,,Improve recall for Vietnamese and English WSSV variants.,White spot disease can appear as disease or virus wording; use as synonym only.,false,
QE_DISEASE_WSSV_PREVENTION,bệnh đốm trắng ở tôm nuôi,local,WSSV,disease,disease_to_prevention,PCR; LAMP-PCR; biofloc; chế phẩm sinh học; biosecurity,metadata keywords; manual_safe_rule_from_existing_facts,,Connect WSSV query to prevention/diagnostic documents.,Diagnostic and prevention terms should not dominate disease intent.,false,
QE_DISEASE_IMNV_ALIAS,infectious myonecrosis,disease-specific,IMNV,disease,disease_alias,infectious myonecrosis virus; IMN; hoại tử cơ truyền nhiễm,metadata related_disease; fallback_metadata_alias,,Improve cross-language matching for IMNV/IMN queries.,IMN can refer to disease while IMNV is virus; keep both but low-risk alias.,false,
QE_DISEASE_EHP_ALIAS,EHP trên tôm,disease-specific,EHP,disease,disease_alias,Enterocytozoon hepatopenaei; hepatopancreatic microsporidiosis; HPM; vi bào tử trùng gan tụy,metadata related_disease; fallback_metadata_alias,,Recover EHP documents using scientific pathogen/disease names.,Long scientific aliases may add lexical noise; use as candidate expansion.,false,
QE_DISEASE_VIBRIOSIS_PATHOGEN,vibriosis shrimp hatchery,hatchery-production-mode,vibriosis,disease,disease_to_pathogen,Vibrio parahaemolyticus; Vibrio harveyi; Vibrio campbellii; Vibrio alginolyticus,metadata related_disease; metadata keywords; ontology relation causedBy,,Bridge disease query to pathogen-specific hatchery studies.,Vibrio species are broad; should be weighted by hatchery/disease context.,false,
QE_TAXON_VANNAMEI_ALIAS,whiteleg shrimp hatchery,hatchery-production-mode,whiteleg shrimp,taxon,taxon_scientific_name,Penaeus vannamei; Litopenaeus vannamei; tôm thẻ chân trắng; Pacific whiteleg shrimp,skos:altLabel; metadata related_taxon; fallback_metadata_alias,,Improve matching between common names and scientific/Vietnamese names.,"Penaeus/Litopenaeus naming variants should be treated as aliases, not separate species.",false,
QE_TAXON_MONODON_ALIAS,black tiger shrimp hatchery India,species-location,black tiger shrimp,taxon,taxon_scientific_name,Penaeus monodon; tôm sú; tiger shrimp,metadata related_taxon; fallback_metadata_alias,,Connect black tiger shrimp wording with Penaeus monodon hatchery manuals.,Generic shrimp docs may be over-retrieved; keep India/hatchery constraints.,false,
QE_TAXON_LOBSTER_ALIAS,lobster Khanh Hoa,local,lobster,taxon,taxon_alias,tôm hùm; spiny lobster; Panulirus ornatus; tôm hùm xanh,metadata related_taxon; skos:altLabel; fallback_metadata_alias,,Improve matching for Vietnamese local lobster planning/monitoring documents.,Lobster market/capture documents may enter; preserve local aquaculture intent.,false,
QE_TAXON_SHRIMP_COMMON,shrimp disease prevention,biosecurity-management,shrimp,taxon,taxon_common_name,tôm; prawns and shrimps; crustaceans; Penaeus,metadata related_taxon; metadata keywords,,Recover documents using broad crustacean/shrimp terminology.,Broad taxon expansion can reduce precision; use only for candidate generation.,false,
QE_LOCATION_KHANHHOA_ALIAS,nuôi tôm hùm Khánh Hòa,local,Khánh Hòa,location,location_alias,Khanh Hoa; Vịnh Cam Ranh; Cam Ranh; Vạn Ninh; Vịnh Văn Phong,metadata related_location; fallback_metadata_alias,,Retrieve documents naming bays/districts rather than only province name.,Do not over-expand to all Vietnam if query is local and narrow.,false,
QE_LOCATION_KHANHHOA_PARENT,lobster Khanh Hoa,local,Khánh Hòa,location,location_parent,Việt Nam; Nam Trung Bộ; coastal Vietnam,metadata related_location; manual_safe_rule_from_existing_facts,,Allow broader coastal Vietnam documents to seed candidates when local docs are sparse.,Parent location is broad; should be lower weight than exact location.,false,
QE_LOCATION_MEKONG_ALIAS,Mekong Delta shrimp farming,local,Mekong Delta,location,location_alias,ĐBSCL; Đồng bằng sông Cửu Long; Vietnamese Mekong Delta,metadata related_location; fallback_metadata_alias,,Improve matching for Vietnamese reports using ĐBSCL abbreviation.,Avoid expanding to all Vietnam unless candidate recall is too low.,false,
QE_LOCATION_THAILAND_ALIAS,shrimp farming Thailand,species-location,Thailand,location,location_alias,Bangkok; Thailand; Thai shrimp farming,metadata related_location,,Recover FAO/technical seminar documents using Bangkok/Thailand context.,Bangkok may indicate seminar location rather than production location.,false,
QE_LOCATION_PHILIPPINES_ALIAS,AHPND Philippines shrimp,local,Philippines,location,location_alias,Philippines; Southeast Asia; shrimp aquaculture Philippines,metadata related_location; manual_safe_rule_from_existing_facts,,Support local disease surveillance queries where country is central.,Southeast Asia is broad; use lower weight.,false,
QE_LOCATION_VIETNAM_ALIAS,shrimp farming Vietnam,local,Vietnam,location,location_alias,Việt Nam; Vietnam; ĐBSCL; Khánh Hòa; Nam Trung Bộ,metadata related_location,,Map English/Vietnamese location names for local aquaculture documents.,Province/region expansion should depend on query context.,false,
QE_MODE_HATCHERY_ALIAS,biosecurity shrimp hatchery,biosecurity-management,hatchery,production_mode,production_mode_alias,trại giống; shrimp hatchery; hatchery aquaculture; larval rearing; post-larvae,metadata production_mode; metadata keywords; fallback_metadata_alias,,Improve retrieval for hatchery-specific biosecurity/health management documents.,Larval/post-larvae terms may over-focus on life stage.,false,
QE_MODE_AQUACULTURE_ALIAS,aquaculture biosecurity guidelines,biosecurity-management,aquaculture,production_mode,production_mode_alias,nuôi trồng thủy sản; aquaculture; shrimp aquaculture; marine aquaculture,metadata production_mode; skos:altLabel,,Bridge English and Vietnamese aquaculture mode wording.,Generic aquaculture expansion is broad; preserve topic constraints.,false,
QE_MODE_GROWOUT_ALIAS,shrimp grow-out disease prevention,biosecurity-management,grow-out,production_mode,production_mode_alias,growout; grow-out aquaculture; pond culture; shrimp farming,metadata keywords; manual_safe_rule_from_existing_facts,,Recover pond/grow-out documents even if they do not use the exact query term.,May mix hatchery and grow-out if production mode is not guarded.,false,
QE_MODE_BROODSTOCK_ALIAS,broodstock post-larvae shrimp hatchery,hatchery-production-mode,broodstock,production_mode,production_mode_alias,broodstock; larvae; postlarvae; post-larvae; probiotics; hatchery tanks,metadata keywords; metadata production_mode,,Connect life-stage hatchery queries to relevant microbiome/probiotics studies.,Life-stage terms should not replace species/disease constraints.,false,
QE_TOPIC_BIOSECURITY_ALIAS,biosecurity shrimp hatchery,biosecurity-management,biosecurity,topic,topic_alias,an toàn sinh học; disease prevention; health management; disease control,metadata keywords; skos:altLabel; query_understanding_profiles,,Improve cross-language matching for biosecurity/health management topics.,Can drift to generic management if species/mode are dropped.,false,
QE_TOPIC_SURVEILLANCE_ALIAS,surveillance zoning aquatic animal diseases,biosecurity-management,surveillance,topic,topic_alias,disease surveillance; zoning; risk assessment; animal health,metadata keywords; query_understanding_profiles,,Strengthen matching to surveillance/zoning manuals.,Risk assessment is broader than surveillance; lower weight recommended.,false,
QE_MIXED_AHPND_VANNAMEI,AHPND Penaeus vannamei hatchery,disease-specific,AHPND + Penaeus vannamei + hatchery,disease,disease_to_pathogen,acute hepatopancreatic necrosis disease; Vibrio parahaemolyticus; whiteleg shrimp; tôm thẻ chân trắng; hatchery aquaculture,ontology relation causedBy; metadata related_taxon; metadata production_mode,,"Expand disease, species and production mode together while keeping query intent specific.",Multi-axis expansion should be capped to avoid overlong vector query.,false,
QE_MIXED_LOBSTER_KHANHHOA,lobster Khanh Hoa aquaculture,local,lobster + Khánh Hòa + aquaculture,taxon,taxon_alias,tôm hùm; spiny lobster; Panulirus ornatus; Vịnh Cam Ranh; Vạn Ninh; marine aquaculture,metadata related_taxon; metadata related_location; metadata production_mode,,Improve local marine aquaculture candidate recall.,Must avoid capture-fisheries lobster market documents when query is aquaculture.,false,
QE_MIXED_WSSV_MEKONG,WSSV Mekong Delta shrimp,local,WSSV + Mekong Delta + shrimp,disease,disease_alias,white spot syndrome virus; bệnh đốm trắng; ĐBSCL; Đồng bằng sông Cửu Long; tôm giống; tôm thương phẩm,metadata related_disease; metadata related_location; metadata related_taxon,,Connect local Vietnamese surveillance reports with English disease abbreviations.,Local evidence should be ranked above generic WSSV manuals.,false,
BI_001,biosecurity trong hatchery tôm thẻ chân trắng,biosecurity-management,Tôm thẻ chân trắng,taxon,taxon_alias,Pacific white shrimp; Penaeus vannamei; Litopenaeus vannamei; white shrimp,skos:altLabel; skos:prefLabel,biosecurity trong hatchery tôm thẻ chân trắng Pacific white shrimp Penaeus vannamei Litopenaeus vannamei white shrimp,Alias expansion can improve entity linking and lexical/vector recall.,"Alias-only expansion is low risk, but should still be capped.",false,Prototype/design example; not applied to final hybrid runtime.
BI_001,biosecurity trong hatchery tôm thẻ chân trắng,biosecurity-management,Tôm thẻ chân trắng,taxon,location_parent,Ven biển Khánh Hòa; Khanh Hoa coastal waters; coastal khanh hoa; khanh hoa; Ven biển Ninh Thuận; Ninh Thuan coastal waters,ontology relation isFoundIn,biosecurity trong hatchery tôm thẻ chân trắng Ven biển Khánh Hòa Khanh Hoa coastal waters coastal khanh hoa khanh hoa,Relation expansion can add KG-neighbor evidence to candidate generation.,Use lower weight than exact entity terms to avoid query drift.,false,Prototype/design example; not applied to final hybrid runtime.
BI_001,biosecurity trong hatchery tôm thẻ chân trắng,biosecurity-management,An toàn sinh học,topic,topic_alias,Biosecurity,skos:altLabel; skos:prefLabel,biosecurity trong hatchery tôm thẻ chân trắng Biosecurity,Alias expansion can improve entity linking and lexical/vector recall.,"Alias-only expansion is low risk, but should still be capped.",false,Prototype/design example; not applied to final hybrid runtime.
BI_001,biosecurity trong hatchery tôm thẻ chân trắng,biosecurity-management,An toàn sinh học,topic,disease_to_prevention,Infectious myonecrosis; IMN; IMNV disease; infectious myonecrosis virus disease; Bệnh hoại tử gan tụy cấp; AHPND; Acute Hepatopancreatic Necrosis Disease; Bệnh đốm trắng,ontology relation recommendedPrevention,biosecurity trong hatchery tôm thẻ chân trắng Infectious myonecrosis IMN IMNV disease infectious myonecrosis virus disease,Relation expansion can add KG-neighbor evidence to candidate generation.,Use lower weight than exact entity terms to avoid query drift.,false,Prototype/design example; not applied to final hybrid runtime.
BI_004,Progressive Management Pathway nuôi trồng an toàn sinh học FAO,biosecurity-management,Nuôi trồng,production_mode,production_mode_alias,Aquaculture; shrimp aquaculture; hatchery aquaculture,skos:altLabel; skos:prefLabel,Progressive Management Pathway nuôi trồng an toàn sinh học FAO Aquaculture shrimp aquaculture hatchery aquaculture,Alias expansion can improve entity linking and lexical/vector recall.,"Alias-only expansion is low risk, but should still be capped.",false,Prototype/design example; not applied to final hybrid runtime.
BI_004,Progressive Management Pathway nuôi trồng an toàn sinh học FAO,biosecurity-management,An toàn sinh học,topic,topic_alias,Biosecurity,skos:altLabel; skos:prefLabel,Progressive Management Pathway nuôi trồng an toàn sinh học FAO Biosecurity,Alias expansion can improve entity linking and lexical/vector recall.,"Alias-only expansion is low risk, but should still be capped.",false,Prototype/design example; not applied to final hybrid runtime.
BI_004,Progressive Management Pathway nuôi trồng an toàn sinh học FAO,biosecurity-management,An toàn sinh học,topic,disease_to_prevention,Infectious myonecrosis; IMN; IMNV disease; infectious myonecrosis virus disease; Bệnh hoại tử gan tụy cấp; AHPND; Acute Hepatopancreatic Necrosis Disease; Bệnh đốm trắng,ontology relation recommendedPrevention,Progressive Management Pathway nuôi trồng an toàn sinh học FAO Infectious myonecrosis IMN IMNV disease infectious myonecrosis virus disease,Relation expansion can add KG-neighbor evidence to candidate generation.,Use lower weight than exact entity terms to avoid query drift.,false,Prototype/design example; not applied to final hybrid runtime.
BI_006,phân tích rủi ro nuôi trồng thủy sản áp dụng thực tiễn,biosecurity-management,Nuôi trồng,production_mode,production_mode_alias,Aquaculture; shrimp aquaculture; hatchery aquaculture,skos:altLabel; skos:prefLabel,phân tích rủi ro nuôi trồng thủy sản áp dụng thực tiễn Aquaculture shrimp aquaculture hatchery aquaculture,Alias expansion can improve entity linking and lexical/vector recall.,"Alias-only expansion is low risk, but should still be capped.",false,Prototype/design example; not applied to final hybrid runtime.
DS_001,bệnh AHPND trên tôm,disease-specific,Bệnh hoại tử gan tụy cấp,disease,disease_alias,AHPND; Acute Hepatopancreatic Necrosis Disease,skos:altLabel; skos:prefLabel,bệnh AHPND trên tôm AHPND Acute Hepatopancreatic Necrosis Disease,Alias expansion can improve entity linking and lexical/vector recall.,"Alias-only expansion is low risk, but should still be capped.",false,Prototype/design example; not applied to final hybrid runtime.
DS_001,bệnh AHPND trên tôm,disease-specific,Bệnh hoại tử gan tụy cấp,disease,disease_to_pathogen,Vi khuẩn Vibrio parahaemolyticus; Vibrio parahaemolyticus,ontology relation causedBy,bệnh AHPND trên tôm Vi khuẩn Vibrio parahaemolyticus Vibrio parahaemolyticus,Relation expansion can add KG-neighbor evidence to candidate generation.,Use lower weight than exact entity terms to avoid query drift.,false,Prototype/design example; not applied to final hybrid runtime.
DS_001,bệnh AHPND trên tôm,disease-specific,Bệnh hoại tử gan tụy cấp,disease,disease_to_symptom,Bỏ ăn; Anorexia; Gan tụy bất thường; Lờ đờ; Lethargy,ontology relation hasSymptom,bệnh AHPND trên tôm Bỏ ăn Anorexia Gan tụy bất thường Lờ đờ,Relation expansion can add KG-neighbor evidence to candidate generation.,Use lower weight than exact entity terms to avoid query drift.,false,Prototype/design example; not applied to final hybrid runtime.
DS_001,bệnh AHPND trên tôm,disease-specific,Bệnh hoại tử gan tụy cấp,disease,disease_to_prevention,An toàn sinh học; Biosecurity; Giống sạch bệnh (SPF); Use SPF seed,ontology relation recommendedPrevention,bệnh AHPND trên tôm An toàn sinh học Biosecurity Giống sạch bệnh (SPF) Use SPF seed,Relation expansion can add KG-neighbor evidence to candidate generation.,Use lower weight than exact entity terms to avoid query drift.,false,Prototype/design example; not applied to final hybrid runtime.
DS_001,bệnh AHPND trên tôm,disease-specific,Bệnh hoại tử gan tụy cấp,disease,disease_to_treatment,Tăng sục khí; Improve aeration; Thay nước; Water exchange,ontology relation recommendedTreatment,bệnh AHPND trên tôm Tăng sục khí Improve aeration Thay nước Water exchange,Relation expansion can add KG-neighbor evidence to candidate generation.,Use lower weight than exact entity terms to avoid query drift.,false,Prototype/design example; not applied to final hybrid runtime.
DS_002,bệnh đốm trắng ở tôm thẻ chân trắng,disease-specific,Bệnh đốm trắng,disease,disease_alias,WSD; White spot disease; WSSV,skos:altLabel; skos:prefLabel,bệnh đốm trắng ở tôm thẻ chân trắng WSD White spot disease WSSV,Alias expansion can improve entity linking and lexical/vector recall.,"Alias-only expansion is low risk, but should still be capped.",false,Prototype/design example; not applied to final hybrid runtime.
DS_002,bệnh đốm trắng ở tôm thẻ chân trắng,disease-specific,Bệnh đốm trắng,disease,disease_to_pathogen,Virus đốm trắng (WSSV); WSSV; White Spot Syndrome Virus,ontology relation causedBy,bệnh đốm trắng ở tôm thẻ chân trắng Virus đốm trắng (WSSV) WSSV White Spot Syndrome Virus,Relation expansion can add KG-neighbor evidence to candidate generation.,Use lower weight than exact entity terms to avoid query drift.,false,Prototype/design example; not applied to final hybrid runtime.
DS_002,bệnh đốm trắng ở tôm thẻ chân trắng,disease-specific,Bệnh đốm trắng,disease,disease_to_symptom,Bỏ ăn; Anorexia; Lờ đờ; Lethargy; Đốm trắng; White spot,ontology relation hasSymptom,bệnh đốm trắng ở tôm thẻ chân trắng Bỏ ăn Anorexia Lờ đờ Lethargy,Relation expansion can add KG-neighbor evidence to candidate generation.,Use lower weight than exact entity terms to avoid query drift.,false,Prototype/design example; not applied to final hybrid runtime.
DS_002,bệnh đốm trắng ở tôm thẻ chân trắng,disease-specific,Bệnh đốm trắng,disease,disease_to_prevention,An toàn sinh học; Biosecurity; Giống sạch bệnh (SPF); Use SPF seed,ontology relation recommendedPrevention,bệnh đốm trắng ở tôm thẻ chân trắng An toàn sinh học Biosecurity Giống sạch bệnh (SPF) Use SPF seed,Relation expansion can add KG-neighbor evidence to candidate generation.,Use lower weight than exact entity terms to avoid query drift.,false,Prototype/design example; not applied to final hybrid runtime.
DS_002,bệnh đốm trắng ở tôm thẻ chân trắng,disease-specific,Bệnh đốm trắng,disease,disease_to_treatment,Tăng sục khí; Improve aeration; Thay nước; Water exchange,ontology relation recommendedTreatment,bệnh đốm trắng ở tôm thẻ chân trắng Tăng sục khí Improve aeration Thay nước Water exchange,Relation expansion can add KG-neighbor evidence to candidate generation.,Use lower weight than exact entity terms to avoid query drift.,false,Prototype/design example; not applied to final hybrid runtime.
DS_002,bệnh đốm trắng ở tôm thẻ chân trắng,disease-specific,Tôm thẻ chân trắng,taxon,taxon_alias,Pacific white shrimp; Penaeus vannamei; Litopenaeus vannamei; white shrimp,skos:altLabel; skos:prefLabel,bệnh đốm trắng ở tôm thẻ chân trắng Pacific white shrimp Penaeus vannamei Litopenaeus vannamei white shrimp,Alias expansion can improve entity linking and lexical/vector recall.,"Alias-only expansion is low risk, but should still be capped.",false,Prototype/design example; not applied to final hybrid runtime.
DS_002,bệnh đốm trắng ở tôm thẻ chân trắng,disease-specific,Tôm thẻ chân trắng,taxon,location_parent,Ven biển Khánh Hòa; Khanh Hoa coastal waters; coastal khanh hoa; khanh hoa; Ven biển Ninh Thuận; Ninh Thuan coastal waters,ontology relation isFoundIn,bệnh đốm trắng ở tôm thẻ chân trắng Ven biển Khánh Hòa Khanh Hoa coastal waters coastal khanh hoa khanh hoa,Relation expansion can add KG-neighbor evidence to candidate generation.,Use lower weight than exact entity terms to avoid query drift.,false,Prototype/design example; not applied to final hybrid runtime.
DS_003,infectious myonecrosis,disease-specific,Infectious myonecrosis,disease,disease_alias,IMN; IMNV disease; infectious myonecrosis virus disease; shrimp infectious myonecrosis; IMNV; infectious myonecrosis virus,skos:altLabel; skos:prefLabel,infectious myonecrosis IMN IMNV disease infectious myonecrosis virus disease shrimp infectious myonecrosis,Alias expansion can improve entity linking and lexical/vector recall.,"Alias-only expansion is low risk, but should still be capped.",false,Prototype/design example; not applied to final hybrid runtime.
DS_003,infectious myonecrosis,disease-specific,Infectious myonecrosis,disease,disease_to_pathogen,Infectious myonecrosis virus; IMNV,ontology relation causedBy,infectious myonecrosis Infectious myonecrosis virus IMNV,Relation expansion can add KG-neighbor evidence to candidate generation.,Use lower weight than exact entity terms to avoid query drift.,false,Prototype/design example; not applied to final hybrid runtime.
DS_003,infectious myonecrosis,disease-specific,Infectious myonecrosis,disease,disease_to_symptom,Lờ đờ; Lethargy,ontology relation hasSymptom,infectious myonecrosis Lờ đờ Lethargy,Relation expansion can add KG-neighbor evidence to candidate generation.,Use lower weight than exact entity terms to avoid query drift.,false,Prototype/design example; not applied to final hybrid runtime.
DS_003,infectious myonecrosis,disease-specific,Infectious myonecrosis,disease,disease_to_prevention,An toàn sinh học; Biosecurity,ontology relation recommendedPrevention,infectious myonecrosis An toàn sinh học Biosecurity,Relation expansion can add KG-neighbor evidence to candidate generation.,Use lower weight than exact entity terms to avoid query drift.,false,Prototype/design example; not applied to final hybrid runtime.
DS_006,bệnh vi bào tử trùng gan tụy EHP trên tôm,disease-specific,EHP,disease,disease_alias,Enterocytozoon hepatopenaei; Ecytonucleospora hepatopenaei,skos:altLabel; skos:prefLabel,bệnh vi bào tử trùng gan tụy EHP trên tôm Enterocytozoon hepatopenaei Ecytonucleospora hepatopenaei,Alias expansion can improve entity linking and lexical/vector recall.,"Alias-only expansion is low risk, but should still be capped.",false,Prototype/design example; not applied to final hybrid runtime.
DS_010,tình hình AHPND trên tôm nuôi ở Philippines,disease-specific,Bệnh hoại tử gan tụy cấp,disease,disease_alias,AHPND; Acute Hepatopancreatic Necrosis Disease,skos:altLabel; skos:prefLabel,tình hình AHPND trên tôm nuôi ở Philippines AHPND Acute Hepatopancreatic Necrosis Disease,Alias expansion can improve entity linking and lexical/vector recall.,"Alias-only expansion is low risk, but should still be capped.",false,Prototype/design example; not applied to final hybrid runtime.
DS_010,tình hình AHPND trên tôm nuôi ở Philippines,disease-specific,Bệnh hoại tử gan tụy cấp,disease,disease_to_pathogen,Vi khuẩn Vibrio parahaemolyticus; Vibrio parahaemolyticus,ontology relation causedBy,tình hình AHPND trên tôm nuôi ở Philippines Vi khuẩn Vibrio parahaemolyticus Vibrio parahaemolyticus,Relation expansion can add KG-neighbor evidence to candidate generation.,Use lower weight than exact entity terms to avoid query drift.,false,Prototype/design example; not applied to final hybrid runtime.
DS_010,tình hình AHPND trên tôm nuôi ở Philippines,disease-specific,Bệnh hoại tử gan tụy cấp,disease,disease_to_symptom,Bỏ ăn; Anorexia; Gan tụy bất thường; Lờ đờ; Lethargy,ontology relation hasSymptom,tình hình AHPND trên tôm nuôi ở Philippines Bỏ ăn Anorexia Gan tụy bất thường Lờ đờ,Relation expansion can add KG-neighbor evidence to candidate generation.,Use lower weight than exact entity terms to avoid query drift.,false,Prototype/design example; not applied to final hybrid runtime.
DS_010,tình hình AHPND trên tôm nuôi ở Philippines,disease-specific,Bệnh hoại tử gan tụy cấp,disease,disease_to_prevention,An toàn sinh học; Biosecurity; Giống sạch bệnh (SPF); Use SPF seed,ontology relation recommendedPrevention,tình hình AHPND trên tôm nuôi ở Philippines An toàn sinh học Biosecurity Giống sạch bệnh (SPF) Use SPF seed,Relation expansion can add KG-neighbor evidence to candidate generation.,Use lower weight than exact entity terms to avoid query drift.,false,Prototype/design example; not applied to final hybrid runtime.
DS_010,tình hình AHPND trên tôm nuôi ở Philippines,disease-specific,Bệnh hoại tử gan tụy cấp,disease,disease_to_treatment,Tăng sục khí; Improve aeration; Thay nước; Water exchange,ontology relation recommendedTreatment,tình hình AHPND trên tôm nuôi ở Philippines Tăng sục khí Improve aeration Thay nước Water exchange,Relation expansion can add KG-neighbor evidence to candidate generation.,Use lower weight than exact entity terms to avoid query drift.,false,Prototype/design example; not applied to final hybrid runtime.
DS_010,tình hình AHPND trên tôm nuôi ở Philippines,disease-specific,Philippines,location,location_alias,The Philippines,skos:altLabel; skos:prefLabel,tình hình AHPND trên tôm nuôi ở Philippines The Philippines,Alias expansion can improve entity linking and lexical/vector recall.,"Alias-only expansion is low risk, but should still be capped.",false,Prototype/design example; not applied to final hybrid runtime.
HM_001,production mode trại giống tôm thẻ chân trắng,hatchery-production-mode,Tôm thẻ chân trắng,taxon,taxon_alias,Pacific white shrimp; Penaeus vannamei; Litopenaeus vannamei; white shrimp,skos:altLabel; skos:prefLabel,production mode trại giống tôm thẻ chân trắng Pacific white shrimp Penaeus vannamei Litopenaeus vannamei white shrimp,Alias expansion can improve entity linking and lexical/vector recall.,"Alias-only expansion is low risk, but should still be capped.",false,Prototype/design example; not applied to final hybrid runtime.
HM_001,production mode trại giống tôm thẻ chân trắng,hatchery-production-mode,Tôm thẻ chân trắng,taxon,location_parent,Ven biển Khánh Hòa; Khanh Hoa coastal waters; coastal khanh hoa; khanh hoa; Ven biển Ninh Thuận; Ninh Thuan coastal waters,ontology relation isFoundIn,production mode trại giống tôm thẻ chân trắng Ven biển Khánh Hòa Khanh Hoa coastal waters coastal khanh hoa khanh hoa,Relation expansion can add KG-neighbor evidence to candidate generation.,Use lower weight than exact entity terms to avoid query drift.,false,Prototype/design example; not applied to final hybrid runtime.
HM_002,tài liệu về trại giống tôm sú ở Ấn Độ,hatchery-production-mode,Tôm sú,taxon,taxon_alias,Black Tiger Prawn; Penaeus monodon,skos:altLabel; skos:prefLabel,tài liệu về trại giống tôm sú ở Ấn Độ Black Tiger Prawn Penaeus monodon,Alias expansion can improve entity linking and lexical/vector recall.,"Alias-only expansion is low risk, but should still be capped.",false,Prototype/design example; not applied to final hybrid runtime.
HM_002,tài liệu về trại giống tôm sú ở Ấn Độ,hatchery-production-mode,Tôm sú,taxon,location_parent,Vùng biển miền Trung; Central Coast Sea of Vietnam,ontology relation isFoundIn,tài liệu về trại giống tôm sú ở Ấn Độ Vùng biển miền Trung Central Coast Sea of Vietnam,Relation expansion can add KG-neighbor evidence to candidate generation.,Use lower weight than exact entity terms to avoid query drift.,false,Prototype/design example; not applied to final hybrid runtime.
HM_002,tài liệu về trại giống tôm sú ở Ấn Độ,hatchery-production-mode,Ấn Độ,location,location_alias,India,skos:altLabel; skos:prefLabel,tài liệu về trại giống tôm sú ở Ấn Độ India,Alias expansion can improve entity linking and lexical/vector recall.,"Alias-only expansion is low risk, but should still be capped.",false,Prototype/design example; not applied to final hybrid runtime.
HM_007,trại giống tôm nước mặn quy mô nhỏ Ấn Độ Bangladesh,hatchery-production-mode,Ấn Độ,location,location_alias,India,skos:altLabel; skos:prefLabel,trại giống tôm nước mặn quy mô nhỏ Ấn Độ Bangladesh India,Alias expansion can improve entity linking and lexical/vector recall.,"Alias-only expansion is low risk, but should still be capped.",false,Prototype/design example; not applied to final hybrid runtime.
LO_001,nuôi tôm hùm ở Khánh Hòa,local,Tôm hùm bông,taxon,taxon_alias,Ornate spiny lobster; Panulirus ornatus; lobster; mud spiny lobster; tom hum,skos:altLabel; skos:prefLabel,nuôi tôm hùm ở Khánh Hòa Ornate spiny lobster Panulirus ornatus lobster mud spiny lobster,Alias expansion can improve entity linking and lexical/vector recall.,"Alias-only expansion is low risk, but should still be capped.",false,Prototype/design example; not applied to final hybrid runtime.
LO_001,nuôi tôm hùm ở Khánh Hòa,local,Tôm hùm bông,taxon,location_parent,Ven biển Khánh Hòa; Khanh Hoa coastal waters; coastal khanh hoa; khanh hoa; Ven biển Phú Yên; Phu Yen coastal waters,ontology relation isFoundIn,nuôi tôm hùm ở Khánh Hòa Ven biển Khánh Hòa Khanh Hoa coastal waters coastal khanh hoa khanh hoa,Relation expansion can add KG-neighbor evidence to candidate generation.,Use lower weight than exact entity terms to avoid query drift.,false,Prototype/design example; not applied to final hybrid runtime.
LO_001,nuôi tôm hùm ở Khánh Hòa,local,Ven biển Khánh Hòa,location,location_alias,Khanh Hoa coastal waters; coastal khanh hoa; khanh hoa,skos:altLabel; skos:prefLabel,nuôi tôm hùm ở Khánh Hòa Khanh Hoa coastal waters coastal khanh hoa khanh hoa,Alias expansion can improve entity linking and lexical/vector recall.,"Alias-only expansion is low risk, but should still be capped.",false,Prototype/design example; not applied to final hybrid runtime.
LO_001,nuôi tôm hùm ở Khánh Hòa,local,Ven biển Khánh Hòa,location,location_parent,Tôm thẻ chân trắng; Pacific white shrimp; Penaeus vannamei; Litopenaeus vannamei; Cá bớp; Cobia; Rachycentron canadum; Tôm hùm bông,ontology relation isFoundIn,nuôi tôm hùm ở Khánh Hòa Tôm thẻ chân trắng Pacific white shrimp Penaeus vannamei Litopenaeus vannamei,Relation expansion can add KG-neighbor evidence to candidate generation.,Use lower weight than exact entity terms to avoid query drift.,false,Prototype/design example; not applied to final hybrid runtime.
LO_002,hiện diện bệnh đốm trắng AHPND và EHP trên tôm ĐBSCL 2022–2024,local,Bệnh đốm trắng,disease,disease_alias,WSD; White spot disease; WSSV,skos:altLabel; skos:prefLabel,hiện diện bệnh đốm trắng AHPND và EHP trên tôm ĐBSCL 2022–2024 WSD White spot disease WSSV,Alias expansion can improve entity linking and lexical/vector recall.,"Alias-only expansion is low risk, but should still be capped.",false,Prototype/design example; not applied to final hybrid runtime.
LO_002,hiện diện bệnh đốm trắng AHPND và EHP trên tôm ĐBSCL 2022–2024,local,Bệnh đốm trắng,disease,disease_to_pathogen,Virus đốm trắng (WSSV); WSSV; White Spot Syndrome Virus,ontology relation causedBy,hiện diện bệnh đốm trắng AHPND và EHP trên tôm ĐBSCL 2022–2024 Virus đốm trắng (WSSV) WSSV White Spot Syndrome Virus,Relation expansion can add KG-neighbor evidence to candidate generation.,Use lower weight than exact entity terms to avoid query drift.,false,Prototype/design example; not applied to final hybrid runtime.
LO_002,hiện diện bệnh đốm trắng AHPND và EHP trên tôm ĐBSCL 2022–2024,local,Bệnh đốm trắng,disease,disease_to_symptom,Bỏ ăn; Anorexia; Lờ đờ; Lethargy; Đốm trắng; White spot,ontology relation hasSymptom,hiện diện bệnh đốm trắng AHPND và EHP trên tôm ĐBSCL 2022–2024 Bỏ ăn Anorexia Lờ đờ Lethargy,Relation expansion can add KG-neighbor evidence to candidate generation.,Use lower weight than exact entity terms to avoid query drift.,false,Prototype/design example; not applied to final hybrid runtime.
LO_002,hiện diện bệnh đốm trắng AHPND và EHP trên tôm ĐBSCL 2022–2024,local,Bệnh đốm trắng,disease,disease_to_prevention,An toàn sinh học; Biosecurity; Giống sạch bệnh (SPF); Use SPF seed,ontology relation recommendedPrevention,hiện diện bệnh đốm trắng AHPND và EHP trên tôm ĐBSCL 2022–2024 An toàn sinh học Biosecurity Giống sạch bệnh (SPF) Use SPF seed,Relation expansion can add KG-neighbor evidence to candidate generation.,Use lower weight than exact entity terms to avoid query drift.,false,Prototype/design example; not applied to final hybrid runtime.
LO_002,hiện diện bệnh đốm trắng AHPND và EHP trên tôm ĐBSCL 2022–2024,local,Bệnh đốm trắng,disease,disease_to_treatment,Tăng sục khí; Improve aeration; Thay nước; Water exchange,ontology relation recommendedTreatment,hiện diện bệnh đốm trắng AHPND và EHP trên tôm ĐBSCL 2022–2024 Tăng sục khí Improve aeration Thay nước Water exchange,Relation expansion can add KG-neighbor evidence to candidate generation.,Use lower weight than exact entity terms to avoid query drift.,false,Prototype/design example; not applied to final hybrid runtime.
LO_002,hiện diện bệnh đốm trắng AHPND và EHP trên tôm ĐBSCL 2022–2024,local,Bệnh hoại tử gan tụy cấp,disease,disease_alias,AHPND; Acute Hepatopancreatic Necrosis Disease,skos:altLabel; skos:prefLabel,hiện diện bệnh đốm trắng AHPND và EHP trên tôm ĐBSCL 2022–2024 AHPND Acute Hepatopancreatic Necrosis Disease,Alias expansion can improve entity linking and lexical/vector recall.,"Alias-only expansion is low risk, but should still be capped.",false,Prototype/design example; not applied to final hybrid runtime.
LO_002,hiện diện bệnh đốm trắng AHPND và EHP trên tôm ĐBSCL 2022–2024,local,Bệnh hoại tử gan tụy cấp,disease,disease_to_pathogen,Vi khuẩn Vibrio parahaemolyticus; Vibrio parahaemolyticus,ontology relation causedBy,hiện diện bệnh đốm trắng AHPND và EHP trên tôm ĐBSCL 2022–2024 Vi khuẩn Vibrio parahaemolyticus Vibrio parahaemolyticus,Relation expansion can add KG-neighbor evidence to candidate generation.,Use lower weight than exact entity terms to avoid query drift.,false,Prototype/design example; not applied to final hybrid runtime.
LO_002,hiện diện bệnh đốm trắng AHPND và EHP trên tôm ĐBSCL 2022–2024,local,Bệnh hoại tử gan tụy cấp,disease,disease_to_symptom,Bỏ ăn; Anorexia; Gan tụy bất thường; Lờ đờ; Lethargy,ontology relation hasSymptom,hiện diện bệnh đốm trắng AHPND và EHP trên tôm ĐBSCL 2022–2024 Bỏ ăn Anorexia Gan tụy bất thường Lờ đờ,Relation expansion can add KG-neighbor evidence to candidate generation.,Use lower weight than exact entity terms to avoid query drift.,false,Prototype/design example; not applied to final hybrid runtime.
LO_002,hiện diện bệnh đốm trắng AHPND và EHP trên tôm ĐBSCL 2022–2024,local,Bệnh hoại tử gan tụy cấp,disease,disease_to_prevention,An toàn sinh học; Biosecurity; Giống sạch bệnh (SPF); Use SPF seed,ontology relation recommendedPrevention,hiện diện bệnh đốm trắng AHPND và EHP trên tôm ĐBSCL 2022–2024 An toàn sinh học Biosecurity Giống sạch bệnh (SPF) Use SPF seed,Relation expansion can add KG-neighbor evidence to candidate generation.,Use lower weight than exact entity terms to avoid query drift.,false,Prototype/design example; not applied to final hybrid runtime.
LO_002,hiện diện bệnh đốm trắng AHPND và EHP trên tôm ĐBSCL 2022–2024,local,Bệnh hoại tử gan tụy cấp,disease,disease_to_treatment,Tăng sục khí; Improve aeration; Thay nước; Water exchange,ontology relation recommendedTreatment,hiện diện bệnh đốm trắng AHPND và EHP trên tôm ĐBSCL 2022–2024 Tăng sục khí Improve aeration Thay nước Water exchange,Relation expansion can add KG-neighbor evidence to candidate generation.,Use lower weight than exact entity terms to avoid query drift.,false,Prototype/design example; not applied to final hybrid runtime.
LO_002,hiện diện bệnh đốm trắng AHPND và EHP trên tôm ĐBSCL 2022–2024,local,EHP,disease,disease_alias,Enterocytozoon hepatopenaei; Ecytonucleospora hepatopenaei,skos:altLabel; skos:prefLabel,hiện diện bệnh đốm trắng AHPND và EHP trên tôm ĐBSCL 2022–2024 Enterocytozoon hepatopenaei Ecytonucleospora hepatopenaei,Alias expansion can improve entity linking and lexical/vector recall.,"Alias-only expansion is low risk, but should still be capped.",false,Prototype/design example; not applied to final hybrid runtime.
LO_002,hiện diện bệnh đốm trắng AHPND và EHP trên tôm ĐBSCL 2022–2024,local,Đồng bằng sông Cửu Long,location,location_alias,Mekong Delta; Mekong River Delta; ĐBSCL; dong bang song cuu long,skos:altLabel; skos:prefLabel,hiện diện bệnh đốm trắng AHPND và EHP trên tôm ĐBSCL 2022–2024 Mekong Delta Mekong River Delta ĐBSCL dong bang song cuu long,Alias expansion can improve entity linking and lexical/vector recall.,"Alias-only expansion is low risk, but should still be capped.",false,Prototype/design example; not applied to final hybrid runtime.
LO_004,quy hoạch phát triển nuôi tôm hùm Khánh Hòa đến 2030,local,Tôm hùm bông,taxon,taxon_alias,Ornate spiny lobster; Panulirus ornatus; lobster; mud spiny lobster; tom hum,skos:altLabel; skos:prefLabel,quy hoạch phát triển nuôi tôm hùm Khánh Hòa đến 2030 Ornate spiny lobster Panulirus ornatus lobster mud spiny lobster,Alias expansion can improve entity linking and lexical/vector recall.,"Alias-only expansion is low risk, but should still be capped.",false,Prototype/design example; not applied to final hybrid runtime.
LO_004,quy hoạch phát triển nuôi tôm hùm Khánh Hòa đến 2030,local,Tôm hùm bông,taxon,location_parent,Ven biển Khánh Hòa; Khanh Hoa coastal waters; coastal khanh hoa; khanh hoa; Ven biển Phú Yên; Phu Yen coastal waters,ontology relation isFoundIn,quy hoạch phát triển nuôi tôm hùm Khánh Hòa đến 2030 Ven biển Khánh Hòa Khanh Hoa coastal waters coastal khanh hoa khanh hoa,Relation expansion can add KG-neighbor evidence to candidate generation.,Use lower weight than exact entity terms to avoid query drift.,false,Prototype/design example; not applied to final hybrid runtime.
LO_004,quy hoạch phát triển nuôi tôm hùm Khánh Hòa đến 2030,local,Ven biển Khánh Hòa,location,location_alias,Khanh Hoa coastal waters; coastal khanh hoa; khanh hoa,skos:altLabel; skos:prefLabel,quy hoạch phát triển nuôi tôm hùm Khánh Hòa đến 2030 Khanh Hoa coastal waters coastal khanh hoa khanh hoa,Alias expansion can improve entity linking and lexical/vector recall.,"Alias-only expansion is low risk, but should still be capped.",false,Prototype/design example; not applied to final hybrid runtime.
LO_004,quy hoạch phát triển nuôi tôm hùm Khánh Hòa đến 2030,local,Ven biển Khánh Hòa,location,location_parent,Tôm thẻ chân trắng; Pacific white shrimp; Penaeus vannamei; Litopenaeus vannamei; Cá bớp; Cobia; Rachycentron canadum; Tôm hùm bông,ontology relation isFoundIn,quy hoạch phát triển nuôi tôm hùm Khánh Hòa đến 2030 Tôm thẻ chân trắng Pacific white shrimp Penaeus vannamei Litopenaeus vannamei,Relation expansion can add KG-neighbor evidence to candidate generation.,Use lower weight than exact entity terms to avoid query drift.,false,Prototype/design example; not applied to final hybrid runtime.
LO_005,rủi ro quản lý nông dân nuôi tôm càng quy mô nhỏ Đồng bằng sông Cửu Long,local,Đồng bằng sông Cửu Long,location,location_alias,Mekong Delta; Mekong River Delta; ĐBSCL; dong bang song cuu long,skos:altLabel; skos:prefLabel,rủi ro quản lý nông dân nuôi tôm càng quy mô nhỏ Đồng bằng sông Cửu Long Mekong Delta Mekong River Delta ĐBSCL dong bang song cuu long,Alias expansion can improve entity linking and lexical/vector recall.,"Alias-only expansion is low risk, but should still be capped.",false,Prototype/design example; not applied to final hybrid runtime.
LO_006,bệnh đốm trắng ở tôm nuôi và công nghệ phòng bệnh đốm trắng,local,Bệnh đốm trắng,disease,disease_alias,WSD; White spot disease; WSSV,skos:altLabel; skos:prefLabel,bệnh đốm trắng ở tôm nuôi và công nghệ phòng bệnh đốm trắng WSD White spot disease WSSV,Alias expansion can improve entity linking and lexical/vector recall.,"Alias-only expansion is low risk, but should still be capped.",false,Prototype/design example; not applied to final hybrid runtime.
LO_006,bệnh đốm trắng ở tôm nuôi và công nghệ phòng bệnh đốm trắng,local,Bệnh đốm trắng,disease,disease_to_pathogen,Virus đốm trắng (WSSV); WSSV; White Spot Syndrome Virus,ontology relation causedBy,bệnh đốm trắng ở tôm nuôi và công nghệ phòng bệnh đốm trắng Virus đốm trắng (WSSV) WSSV White Spot Syndrome Virus,Relation expansion can add KG-neighbor evidence to candidate generation.,Use lower weight than exact entity terms to avoid query drift.,false,Prototype/design example; not applied to final hybrid runtime.
LO_006,bệnh đốm trắng ở tôm nuôi và công nghệ phòng bệnh đốm trắng,local,Bệnh đốm trắng,disease,disease_to_symptom,Bỏ ăn; Anorexia; Lờ đờ; Lethargy; Đốm trắng; White spot,ontology relation hasSymptom,bệnh đốm trắng ở tôm nuôi và công nghệ phòng bệnh đốm trắng Bỏ ăn Anorexia Lờ đờ Lethargy,Relation expansion can add KG-neighbor evidence to candidate generation.,Use lower weight than exact entity terms to avoid query drift.,false,Prototype/design example; not applied to final hybrid runtime.
LO_006,bệnh đốm trắng ở tôm nuôi và công nghệ phòng bệnh đốm trắng,local,Bệnh đốm trắng,disease,disease_to_prevention,An toàn sinh học; Biosecurity; Giống sạch bệnh (SPF); Use SPF seed,ontology relation recommendedPrevention,bệnh đốm trắng ở tôm nuôi và công nghệ phòng bệnh đốm trắng An toàn sinh học Biosecurity Giống sạch bệnh (SPF) Use SPF seed,Relation expansion can add KG-neighbor evidence to candidate generation.,Use lower weight than exact entity terms to avoid query drift.,false,Prototype/design example; not applied to final hybrid runtime.
LO_006,bệnh đốm trắng ở tôm nuôi và công nghệ phòng bệnh đốm trắng,local,Bệnh đốm trắng,disease,disease_to_treatment,Tăng sục khí; Improve aeration; Thay nước; Water exchange,ontology relation recommendedTreatment,bệnh đốm trắng ở tôm nuôi và công nghệ phòng bệnh đốm trắng Tăng sục khí Improve aeration Thay nước Water exchange,Relation expansion can add KG-neighbor evidence to candidate generation.,Use lower weight than exact entity terms to avoid query drift.,false,Prototype/design example; not applied to final hybrid runtime.
SL_001,nuôi tôm sú và trại giống tại Bangladesh,species-location,Tôm sú,taxon,taxon_alias,Black Tiger Prawn; Penaeus monodon,skos:altLabel; skos:prefLabel,nuôi tôm sú và trại giống tại Bangladesh Black Tiger Prawn Penaeus monodon,Alias expansion can improve entity linking and lexical/vector recall.,"Alias-only expansion is low risk, but should still be capped.",false,Prototype/design example; not applied to final hybrid runtime.
SL_001,nuôi tôm sú và trại giống tại Bangladesh,species-location,Tôm sú,taxon,location_parent,Vùng biển miền Trung; Central Coast Sea of Vietnam,ontology relation isFoundIn,nuôi tôm sú và trại giống tại Bangladesh Vùng biển miền Trung Central Coast Sea of Vietnam,Relation expansion can add KG-neighbor evidence to candidate generation.,Use lower weight than exact entity terms to avoid query drift.,false,Prototype/design example; not applied to final hybrid runtime.
SL_002,tôm thẻ chân trắng Penaeus vannamei di chuyển giới thiệu Châu Á Thái Bình Dương,species-location,Tôm thẻ chân trắng,taxon,taxon_alias,Pacific white shrimp; Penaeus vannamei; Litopenaeus vannamei; white shrimp,skos:altLabel; skos:prefLabel,tôm thẻ chân trắng Penaeus vannamei di chuyển giới thiệu Châu Á Thái Bình Dương Pacific white shrimp Penaeus vannamei Litopenaeus vannamei white shrimp,Alias expansion can improve entity linking and lexical/vector recall.,"Alias-only expansion is low risk, but should still be capped.",false,Prototype/design example; not applied to final hybrid runtime.
SL_002,tôm thẻ chân trắng Penaeus vannamei di chuyển giới thiệu Châu Á Thái Bình Dương,species-location,Tôm thẻ chân trắng,taxon,location_parent,Ven biển Khánh Hòa; Khanh Hoa coastal waters; coastal khanh hoa; khanh hoa; Ven biển Ninh Thuận; Ninh Thuan coastal waters,ontology relation isFoundIn,tôm thẻ chân trắng Penaeus vannamei di chuyển giới thiệu Châu Á Thái Bình Dương Ven biển Khánh Hòa Khanh Hoa coastal waters coastal khanh hoa khanh hoa,Relation expansion can add KG-neighbor evidence to candidate generation.,Use lower weight than exact entity terms to avoid query drift.,false,Prototype/design example; not applied to final hybrid runtime.
SL_006,Penaeus monodon hatchery manual Ấn Độ kinh nghiệm,species-location,Tôm sú,taxon,taxon_alias,Black Tiger Prawn; Penaeus monodon,skos:altLabel; skos:prefLabel,Penaeus monodon hatchery manual Ấn Độ kinh nghiệm Black Tiger Prawn Penaeus monodon,Alias expansion can improve entity linking and lexical/vector recall.,"Alias-only expansion is low risk, but should still be capped.",false,Prototype/design example; not applied to final hybrid runtime.
SL_006,Penaeus monodon hatchery manual Ấn Độ kinh nghiệm,species-location,Tôm sú,taxon,location_parent,Vùng biển miền Trung; Central Coast Sea of Vietnam,ontology relation isFoundIn,Penaeus monodon hatchery manual Ấn Độ kinh nghiệm Vùng biển miền Trung Central Coast Sea of Vietnam,Relation expansion can add KG-neighbor evidence to candidate generation.,Use lower weight than exact entity terms to avoid query drift.,false,Prototype/design example; not applied to final hybrid runtime.
SL_006,Penaeus monodon hatchery manual Ấn Độ kinh nghiệm,species-location,Ấn Độ,location,location_alias,India,skos:altLabel; skos:prefLabel,Penaeus monodon hatchery manual Ấn Độ kinh nghiệm India,Alias expansion can improve entity linking and lexical/vector recall.,"Alias-only expansion is low risk, but should still be capped.",false,Prototype/design example; not applied to final hybrid runtime.
SL_007,shrimp hatchery Latin America white shrimp,species-location,Tôm thẻ chân trắng,taxon,taxon_alias,Pacific white shrimp; Penaeus vannamei; Litopenaeus vannamei; white shrimp,skos:altLabel; skos:prefLabel,shrimp hatchery Latin America white shrimp Pacific white shrimp Penaeus vannamei Litopenaeus vannamei white shrimp,Alias expansion can improve entity linking and lexical/vector recall.,"Alias-only expansion is low risk, but should still be capped.",false,Prototype/design example; not applied to final hybrid runtime.
SL_007,shrimp hatchery Latin America white shrimp,species-location,Tôm thẻ chân trắng,taxon,location_parent,Ven biển Khánh Hòa; Khanh Hoa coastal waters; coastal khanh hoa; khanh hoa; Ven biển Ninh Thuận; Ninh Thuan coastal waters,ontology relation isFoundIn,shrimp hatchery Latin America white shrimp Ven biển Khánh Hòa Khanh Hoa coastal waters coastal khanh hoa khanh hoa,Relation expansion can add KG-neighbor evidence to candidate generation.,Use lower weight than exact entity terms to avoid query drift.,false,Prototype/design example; not applied to final hybrid runtime.
SL_007,shrimp hatchery Latin America white shrimp,species-location,Mỹ Latin,location,location_alias,Latin America,skos:altLabel; skos:prefLabel,shrimp hatchery Latin America white shrimp Latin America,Alias expansion can improve entity linking and lexical/vector recall.,"Alias-only expansion is low risk, but should still be capped.",false,Prototype/design example; not applied to final hybrid runtime.
QE_META_DISEASE_001,AHPND shrimp disease,disease-specific,AHPND,disease,disease_alias,AHPND; shrimp culture; Penaeus vannamei; Penaeus monodon; bacterial disease; acute hepatopancreatic necrosis disease,metadata related_disease; metadata keywords,AHPND shrimp disease AHPND shrimp culture Penaeus vannamei Penaeus monodon,Metadata-driven disease aliases can fill gaps when ontology labels are sparse.,Metadata terms may include broad keywords; manual review recommended.,false,Prototype/design example; not applied to final hybrid runtime.
QE_META_DISEASE_002,vibriosis shrimp disease,disease-specific,vibriosis,disease,disease_alias,vibriosis; aquaculture; shrimp disease; AHPND; EMS; shrimp; Marsupenaeus japonicus,metadata related_disease; metadata keywords,vibriosis shrimp disease vibriosis aquaculture shrimp disease AHPND,Metadata-driven disease aliases can fill gaps when ontology labels are sparse.,Metadata terms may include broad keywords; manual review recommended.,false,Prototype/design example; not applied to final hybrid runtime.
QE_META_DISEASE_003,WSSV shrimp disease,disease-specific,WSSV,disease,disease_alias,WSSV; shrimp; Penaeus vannamei; biosecurity; Saudi Arabia; aquatic animal health,metadata related_disease; metadata keywords,WSSV shrimp disease WSSV shrimp Penaeus vannamei biosecurity,Metadata-driven disease aliases can fill gaps when ontology labels are sparse.,Metadata terms may include broad keywords; manual review recommended.,false,Prototype/design example; not applied to final hybrid runtime.
QE_META_DISEASE_004,EHP shrimp disease,disease-specific,EHP,disease,disease_alias,EHP; shrimp; AHPND; acute hepatopancreatic necrosis disease; HPM,metadata related_disease; metadata keywords,EHP shrimp disease EHP shrimp AHPND acute hepatopancreatic necrosis disease,Metadata-driven disease aliases can fill gaps when ontology labels are sparse.,Metadata terms may include broad keywords; manual review recommended.,false,Prototype/design example; not applied to final hybrid runtime.
QE_META_DISEASE_005,IMN shrimp disease,disease-specific,IMN,disease,disease_alias,IMN; aquaculture; prawns and shrimps; Penaeus vannamei; viroses; biosecurity,metadata related_disease; metadata keywords,IMN shrimp disease IMN aquaculture prawns and shrimps Penaeus vannamei,Metadata-driven disease aliases can fill gaps when ontology labels are sparse.,Metadata terms may include broad keywords; manual review recommended.,false,Prototype/design example; not applied to final hybrid runtime.
QE_META_DISEASE_006,Enterocytozoon hepatopenaei shrimp disease,disease-specific,Enterocytozoon hepatopenaei,disease,disease_alias,Enterocytozoon hepatopenaei; shrimp; EHP; HPM; penaeid shrimp,metadata related_disease; metadata keywords,Enterocytozoon hepatopenaei shrimp disease Enterocytozoon hepatopenaei shrimp EHP HPM,Metadata-driven disease aliases can fill gaps when ontology labels are sparse.,Metadata terms may include broad keywords; manual review recommended.,false,Prototype/design example; not applied to final hybrid runtime.
QE_META_DISEASE_007,EMS shrimp disease,disease-specific,EMS,disease,disease_alias,EMS; shrimp; AHPND; early mortality syndrome,metadata related_disease; metadata keywords,EMS shrimp disease EMS shrimp AHPND early mortality syndrome,Metadata-driven disease aliases can fill gaps when ontology labels are sparse.,Metadata terms may include broad keywords; manual review recommended.,false,Prototype/design example; not applied to final hybrid runtime.
QE_META_DISEASE_008,HPM shrimp disease,disease-specific,HPM,disease,disease_alias,HPM; shrimp; AHPND; acute hepatopancreatic necrosis disease,metadata related_disease; metadata keywords,HPM shrimp disease HPM shrimp AHPND acute hepatopancreatic necrosis disease,Metadata-driven disease aliases can fill gaps when ontology labels are sparse.,Metadata terms may include broad keywords; manual review recommended.,false,Prototype/design example; not applied to final hybrid runtime.
QE_META_TAXON_009,shrimp aquaculture,species-location,shrimp,taxon,taxon_alias,shrimp,metadata related_taxon,shrimp aquaculture shrimp,Metadata taxon variants support common/scientific-name expansion.,Single metadata term may be generic; combine with disease/location/mode constraints.,false,Prototype/design example; not applied to final hybrid runtime.
QE_META_TAXON_010,Penaeus vannamei aquaculture,species-location,Penaeus vannamei,taxon,taxon_alias,Penaeus vannamei,metadata related_taxon,Penaeus vannamei aquaculture Penaeus vannamei,Metadata taxon variants support common/scientific-name expansion.,Single metadata term may be generic; combine with disease/location/mode constraints.,false,Prototype/design example; not applied to final hybrid runtime.
QE_META_TAXON_011,fish aquaculture,species-location,fish,taxon,taxon_alias,fish,metadata related_taxon,fish aquaculture fish,Metadata taxon variants support common/scientific-name expansion.,Single metadata term may be generic; combine with disease/location/mode constraints.,false,Prototype/design example; not applied to final hybrid runtime.
QE_META_TAXON_012,aquatic animals aquaculture,species-location,aquatic animals,taxon,taxon_alias,aquatic animals,metadata related_taxon,aquatic animals aquaculture aquatic animals,Metadata taxon variants support common/scientific-name expansion.,Single metadata term may be generic; combine with disease/location/mode constraints.,false,Prototype/design example; not applied to final hybrid runtime.
QE_META_TAXON_013,Penaeus monodon aquaculture,species-location,Penaeus monodon,taxon,taxon_alias,Penaeus monodon,metadata related_taxon,Penaeus monodon aquaculture Penaeus monodon,Metadata taxon variants support common/scientific-name expansion.,Single metadata term may be generic; combine with disease/location/mode constraints.,false,Prototype/design example; not applied to final hybrid runtime.
QE_META_TAXON_014,aquatic species aquaculture,species-location,aquatic species,taxon,taxon_alias,aquatic species,metadata related_taxon,aquatic species aquaculture aquatic species,Metadata taxon variants support common/scientific-name expansion.,Single metadata term may be generic; combine with disease/location/mode constraints.,false,Prototype/design example; not applied to final hybrid runtime.
QE_META_TAXON_015,tôm thẻ chân trắng aquaculture,species-location,tôm thẻ chân trắng,taxon,taxon_alias,tôm thẻ chân trắng,metadata related_taxon,tôm thẻ chân trắng aquaculture tôm thẻ chân trắng,Metadata taxon variants support common/scientific-name expansion.,Single metadata term may be generic; combine with disease/location/mode constraints.,false,Prototype/design example; not applied to final hybrid runtime.
QE_META_TAXON_016,tôm sú aquaculture,species-location,tôm sú,taxon,taxon_alias,tôm sú,metadata related_taxon,tôm sú aquaculture tôm sú,Metadata taxon variants support common/scientific-name expansion.,Single metadata term may be generic; combine with disease/location/mode constraints.,false,Prototype/design example; not applied to final hybrid runtime.
QE_META_LOCATION_017,aquaculture Global,local,Global,location,location_alias,Global,metadata related_location,aquaculture Global Global,Location expansion improves recall for local/regional documents.,Parent/broader locations should use lower weight to avoid local query drift.,false,Prototype/design example; not applied to final hybrid runtime.
QE_META_LOCATION_018,aquaculture India,local,India,location,location_alias,India,metadata related_location,aquaculture India India,Location expansion improves recall for local/regional documents.,Parent/broader locations should use lower weight to avoid local query drift.,false,Prototype/design example; not applied to final hybrid runtime.
QE_META_LOCATION_019,aquaculture Thailand,local,Thailand,location,location_alias,Thailand,metadata related_location,aquaculture Thailand Thailand,Location expansion improves recall for local/regional documents.,Parent/broader locations should use lower weight to avoid local query drift.,false,Prototype/design example; not applied to final hybrid runtime.
QE_META_LOCATION_020,aquaculture Vietnam,local,Vietnam,location,location_alias,Vietnam,metadata related_location,aquaculture Vietnam Vietnam,Location expansion improves recall for local/regional documents.,Parent/broader locations should use lower weight to avoid local query drift.,false,Prototype/design example; not applied to final hybrid runtime.
QE_META_LOCATION_021,aquaculture Latin America,local,Latin America,location,location_alias,Latin America,metadata related_location,aquaculture Latin America Latin America,Location expansion improves recall for local/regional documents.,Parent/broader locations should use lower weight to avoid local query drift.,false,Prototype/design example; not applied to final hybrid runtime.
QE_META_LOCATION_022,aquaculture Asia,local,Asia,location,location_alias,Asia,metadata related_location,aquaculture Asia Asia,Location expansion improves recall for local/regional documents.,Parent/broader locations should use lower weight to avoid local query drift.,false,Prototype/design example; not applied to final hybrid runtime.
QE_META_MODE_023,shrimp aquaculture shrimp,hatchery-production-mode,shrimp aquaculture,production_mode,production_mode_alias,shrimp aquaculture,metadata production_mode,shrimp aquaculture shrimp shrimp aquaculture,Production-mode expansion helps mode-sensitive retrieval.,Do not mix hatchery/grow-out/capture modes without guardrails.,false,Prototype/design example; not applied to final hybrid runtime.
QE_META_MODE_024,aquaculture shrimp,hatchery-production-mode,aquaculture,production_mode,production_mode_alias,aquaculture,metadata production_mode,aquaculture shrimp aquaculture,Production-mode expansion helps mode-sensitive retrieval.,Do not mix hatchery/grow-out/capture modes without guardrails.,false,Prototype/design example; not applied to final hybrid runtime.
QE_META_MODE_025,hatchery aquaculture shrimp,hatchery-production-mode,hatchery aquaculture,production_mode,production_mode_alias,hatchery aquaculture,metadata production_mode,hatchery aquaculture shrimp hatchery aquaculture,Production-mode expansion helps mode-sensitive retrieval.,Do not mix hatchery/grow-out/capture modes without guardrails.,false,Prototype/design example; not applied to final hybrid runtime.
QE_META_MODE_026,inland fisheries shrimp,hatchery-production-mode,inland fisheries,production_mode,production_mode_alias,inland fisheries,metadata production_mode,inland fisheries shrimp inland fisheries,Production-mode expansion helps mode-sensitive retrieval.,Do not mix hatchery/grow-out/capture modes without guardrails.,false,Prototype/design example; not applied to final hybrid runtime.
QE_META_MODE_027,fisheries shrimp,hatchery-production-mode,fisheries,production_mode,production_mode_alias,fisheries,metadata production_mode,fisheries shrimp fisheries,Production-mode expansion helps mode-sensitive retrieval.,Do not mix hatchery/grow-out/capture modes without guardrails.,false,Prototype/design example; not applied to final hybrid runtime.
QE_META_MODE_028,marine aquaculture shrimp,hatchery-production-mode,marine aquaculture,production_mode,production_mode_alias,marine aquaculture,metadata production_mode,marine aquaculture shrimp marine aquaculture,Production-mode expansion helps mode-sensitive retrieval.,Do not mix hatchery/grow-out/capture modes without guardrails.,false,Prototype/design example; not applied to final hybrid runtime.
